partnerid,stream,habitat,block,maxT,stripid
1,1,STR,U,28.8,73
1,1,STR,D,39.6,74
1,1,STR,U,49.2,76
1,1,STR,D,52.2,77
1,1,RIP,D,65.1,85
1,1,RIP,D,66.3,88
1,1,RIP,U,67.7,92
1,1,RIP,U,72.5,103
1,2,STR,U,48.1,75
1,2,RIP,U,55,78
1,2,RIP,D,60.7,80
1,2,RIP,D,63.8,83
1,2,RIP,U,66.2,87
1,3,STR,D,59.6,79
1,3,STR,D,61.5,81
1,3,STR,U,65.5,86
1,3,RIP,U,67.1,90
1,3,RIP,U,67.2,91
1,3,RIP,D,68.1,93
1,3,RIP,D,68.9,94
1,3,STR,U,69.1,95
1,4,RIP,U,63.1,82
1,4,STR,D,65,84
1,4,RIP,D,69.1,96
1,4,RIP,U,70.6,99
1,4,STR,U,71.8,100
1,4,RIP,D,71.9,101
1,4,STR,U,71.9,102
1,4,STR,D,73.1,104
1,0,,,66.7,89
1,0,,,69.5,97
1,0,,,70.5,98
1,0,,,75.1,105
2,1,STR,D,11,142
2,1,STR,D,24.2,147
2,1,STR,U,26.7,148
2,1,STR,U,32.1,150
2,1,RIP,U,51.1,161
2,1,RIP,D,51.3,162
2,1,RIP,D,56.6,172
2,1,RIP,U,57.9,173
2,2,RIP,D,50.6,160
2,2,RIP,D,51.6,163
2,2,RIP,U,51.7,164
2,2,STR,D,51.9,166
2,2,STR,D,53.7,168
2,2,STR,U,54.1,169
2,2,RIP,U,55.1,170
2,2,STR,U,56.4,171
2,3,STR,U,17.3,143
2,3,STR,D,22,144
2,3,STR,D,23.2,145
2,3,STR,U,23.8,146
2,3,RIP,U,50.2,157
2,3,RIP,D,50.4,159
2,3,RIP,D,51.8,165
2,3,RIP,U,53,167
2,4,STR,D,28.8,149
2,4,STR,U,33.9,151
2,4,STR,U,35.5,152
2,4,STR,D,36.9,153
2,4,RIP,D,38.2,154
2,4,RIP,U,39.3,155
2,4,RIP,U,48.9,156
2,4,RIP,D,50.2,158
2,0,,,62.1,174
2,0,,,68.8,175
2,0,,,73.2,176
2,0,,,75.8,177
3,1,STR,U,7.4,179
3,1,STR,D,8.6,181
3,1,STR,D,10,183
3,1,STR,U,17.4,185
3,1,RIP,D,35.5,192
3,1,RIP,D,36.6,193
3,1,RIP,U,44,201
3,1,RIP,U,49.3,208
3,2,STR,U,27,189
3,2,RIP,D,38.6,195
3,2,STR,U,38.7,196
3,2,STR,D,40.1,198
3,2,STR,D,41.2,199
3,2,RIP,U,43.5,200
3,2,RIP,D,45.9,203
3,2,RIP,U,46.2,205
3,3,STR,U,4.8,178
3,3,STR,D,8,180
3,3,STR,D,8.9,182
3,3,STR,U,11.5,184
3,3,RIP,U,45.5,202
3,3,RIP,D,45.9,204
3,3,RIP,D,46.8,207
3,4,STR,U,20.9,186
3,4,STR,U,26,187
3,4,RIP,D,26.1,188
3,4,STR,D,29.6,190
3,4,STR,D,29.7,191
3,4,RIP,D,37.8,194
3,4,RIP,U,39,197
3,4,RIP,U,46.2,206
4,1,STR,U,11,250
4,1,STR,U,21.3,252
4,1,STR,D,26.6,257
4,1,RIP,U,28.1,258
4,1,STR,D,28.9,259
4,1,RIP,D,35.7,261
4,1,RIP,D,38,263
4,1,RIP,U,39.9,266
4,2,STR,D,18.4,251
4,2,STR,U,24.1,253
4,2,STR,U,25.2,254
4,2,STR,D,26,256
4,2,RIP,D,28.9,260
4,2,RIP,U,36.5,262
4,2,RIP,U,47.8,271
4,2,RIP,D,50.4,273
4,3,STR,U,25.6,255
4,3,STR,D,38.5,264
4,3,STR,U,39.3,265
4,3,RIP,D,40,267
4,3,RIP,U,40.1,268
4,3,STR,D,40.4,269
4,3,RIP,U,46.6,270
4,3,RIP,D,48.4,272
4,0,,,55.1,274
4,0,,,58.6,275
4,0,,,60.3,276
4,0,,,65.2,277
4,0,,,65.7,278
5,1,STR,D,27.8,289
5,1,RIP,D,29.6,291
5,1,STR,U,29.7,292
5,1,STR,U,32.1,294
5,1,STR,D,34.9,295
5,1,RIP,D,51.6,308
5,1,RIP,U,62,314
5,1,RIP,U,65.6,315
5,2,STR,U,10.1,280
5,2,STR,U,24.4,288
5,2,STR,D,29,290
5,2,STR,D,31.7,293
5,2,RIP,D,40,298
5,2,RIP,U,42.8,302
5,2,RIP,D,51.1,307
5,2,RIP,U,53.6,310
5,3,STR,U,8,279
5,3,STR,D,11.3,281
5,3,STR,U,13.4,282
5,3,STR,D,13.8,283
5,3,RIP,D,35.3,296
5,3,RIP,D,46.1,304
5,3,RIP,U,57.5,312
5,3,RIP,U,58.6,313
5,4,STR,U,16.2,284
5,4,STR,U,17.9,285
5,4,STR,D,20.4,286
5,4,STR,D,22.2,287
5,4,RIP,U,48.1,305
5,4,RIP,D,49.8,306
5,4,RIP,D,53.5,309
5,4,RIP,U,55.5,311
6,1,STR,D,2.2,316
6,1,STR,D,2.5,317
6,1,STR,U,26.3,320
6,1,STR,U,33.4,321
6,1,RIP,D,51.6,325
6,1,RIP,U,53.1,326
6,1,RIP,D,57.5,328
6,1,RIP,U,59.1,329
6,2,STR,D,2.6,318
6,2,RIP,U,42,322
6,2,RIP,U,46.5,324
6,3,STR,U,2.7,319
6,3,RIP,U,53.2,327
6,3,RIP,U,60.8,330
6,4,RIP,U,43.6,323
6,0,,,63.7,331
6,0,,,63.7,332
6,0,,,66.1,333
6,0,,,69.9,334
6,0,,,70.4,335
7,1,STR,D,57.5,346
7,1,STR,D,58.1,347
7,1,RIP,U,58.2,348
7,1,RIP,D,61.9,355
7,1,STR,U,62.1,357
7,1,STR,U,66.9,365
7,1,RIP,U,69.8,366
7,2,STR,U,37,339
7,2,STR,U,37.9,340
7,2,STR,D,46,342
7,2,STR,D,54.9,344
7,2,RIP,U,60.4,350
7,2,RIP,D,61.3,353
7,2,RIP,D,62,356
7,2,RIP,U,63.3,359
7,3,STR,D,29,336
7,3,STR,D,35.4,337
7,3,STR,U,36.4,338
7,3,STR,U,39.5,341
7,3,RIP,U,53.1,343
7,3,RIP,U,60.2,349
7,3,RIP,D,61.1,352
7,3,RIP,D,62.2,358
7,4,RIP,D,57.3,345
7,4,RIP,U,60.9,351
7,4,RIP,D,61.5,354
7,4,STR,D,64.4,360
7,4,STR,D,65.1,361
7,4,STR,U,65.4,362
7,4,RIP,U,66.5,363
7,4,STR,U,66.6,364
8,1,STR,U,2.5,451
8,1,STR,D,6.5,452
8,1,RIP,D,43.4,454
8,2,STR,D,30.5,453
8,2,STR,D,47,456
8,2,STR,U,48.3,457
8,2,STR,U,55.2,461
8,2,RIP,D,61,462
8,2,RIP,D,69.4,470
8,3,RIP,D,51.4,458
8,3,RIP,D,53.7,460
8,4,RIP,D,43.7,455
8,4,RIP,D,52,459
8,0,,,64.5,463
8,0,,,66.3,464
8,0,,,66.3,465
8,0,,,67.7,466
8,0,,,68.2,467
8,0,,,68.4,468
8,0,,,69,469
8,0,,,70,471
8,0,,,70.4,472
8,0,,,71.4,473
9,1,STR,U,35.8,482
9,1,RIP,D,40.7,484
9,1,STR,D,43.1,486
9,1,STR,U,45.1,489
9,1,STR,D,48.1,494
9,1,RIP,U,52.2,501
9,1,RIP,U,55.6,504
9,1,RIP,D,55.8,505
9,2,STR,U,31.2,479
9,2,RIP,U,45,488
9,2,STR,U,46.2,491
9,2,RIP,D,50.5,496
9,2,RIP,D,51.2,498
9,2,RIP,U,51.9,499
9,3,STR,D,32,480
9,3,RIP,U,34.4,481
9,3,RIP,D,36.3,483
9,3,STR,D,41.7,485
9,3,STR,U,47.2,492
9,3,RIP,U,47.6,493
9,3,RIP,D,49.4,495
9,3,STR,U,51.1,497
9,4,STR,U,4.3,474
9,4,STR,U,7.2,475
9,4,STR,D,11,476
9,4,STR,D,12.6,477
9,4,RIP,U,25.8,478
9,4,RIP,D,44.5,487
9,4,RIP,D,45.5,490
10,1,STR,D,27,546
10,1,STR,U,30.5,553
10,1,STR,U,31.3,557
10,1,RIP,D,31.4,558
10,1,STR,D,31.6,560
10,1,RIP,D,34.9,571
10,1,RIP,U,36,573
10,1,RIP,U,38.6,575
10,2,STR,D,26.8,545
10,2,STR,D,30,552
10,2,RIP,D,30.9,556
10,2,RIP,D,32.2,562
10,2,RIP,U,33,566
10,2,RIP,U,33.8,568
10,2,STR,U,38.3,574
10,2,STR,U,39.8,576
10,3,STR,D,14.2,540
10,3,STR,U,14.4,541
10,3,STR,U,17.8,542
10,3,STR,D,19.8,543
10,3,RIP,D,27.7,547
10,3,RIP,D,28.4,548
10,3,RIP,U,30.8,555
10,3,RIP,U,33.4,567
10,4,RIP,D,26.7,544
10,4,STR,U,29.1,549
10,4,STR,U,29.3,551
10,4,RIP,D,30.7,554
10,4,RIP,U,31.5,559
10,4,STR,D,32.1,561
10,4,RIP,U,32.6,564
10,4,STR,D,32.8,565
10,0,,,29.2,550
10,0,,,32.4,563
10,0,,,34,569
10,0,,,34.5,570
10,0,,,35.7,572
11,1,STR,D,37.1,619
11,1,STR,U,40.7,624
11,1,STR,D,41.2,625
11,1,RIP,D,42.4,627
11,1,RIP,U,44.1,631
11,1,STR,U,44.9,634
11,1,RIP,D,45.8,637
11,1,RIP,U,46.8,639
11,2,STR,U,16.9,613
11,2,STR,U,33,617
11,2,STR,D,37.3,620
11,2,RIP,D,42.8,628
11,2,RIP,D,44.8,633
11,2,STR,D,48.7,641
11,3,STR,U,11.3,610
11,3,STR,U,11.9,612
11,3,STR,D,35.7,618
11,3,RIP,D,39.5,622
11,3,RIP,U,40.1,623
11,3,STR,D,43.4,630
11,3,RIP,D,44.3,632
11,3,RIP,U,45.5,635
11,4,STR,U,11.8,611
11,4,STR,U,21.5,614
11,4,STR,D,26.2,615
11,4,STR,D,27.9,616
11,4,RIP,U,38.5,621
11,4,RIP,D,41.2,626
11,4,RIP,U,42.8,629
11,4,RIP,D,45.7,636
12,1,STR,U,24.3,646
12,1,STR,U,31.2,648
12,1,STR,D,31.6,649
12,1,STR,D,36.3,654
12,1,RIP,D,37.4,656
12,1,RIP,D,42.6,662
12,1,RIP,U,42.9,663
12,1,RIP,U,45.1,672
12,2,STR,U,35.8,653
12,2,RIP,U,36.4,655
12,2,STR,U,39.8,660
12,2,STR,D,41.7,661
12,2,RIP,D,43.2,665
12,2,RIP,D,44,667
12,2,STR,D,44.6,671
12,2,RIP,U,45.1,673
12,3,STR,D,38.9,658
12,3,RIP,U,39,659
12,3,RIP,D,43.1,664
12,3,RIP,D,43.5,666
12,3,STR,U,44.2,668
12,3,RIP,U,44.4,669
12,3,STR,U,44.4,670
12,3,STR,D,45.8,675
12,4,STR,D,21.8,645
12,4,STR,U,27.8,647
12,4,STR,D,32.8,650
12,4,STR,U,35.4,651
12,4,RIP,D,35.7,652
12,4,RIP,U,38.8,657
12,4,RIP,D,45.5,674
12,4,RIP,U,48.2,676
13,1,STR,D,55.8,688
13,1,STR,D,56.1,689
13,1,RIP,U,63.1,695
13,1,RIP,U,63.7,697
13,1,RIP,D,64.8,698
13,1,STR,U,67.8,705
13,1,RIP,D,71.2,709
13,1,STR,U,72.7,711
13,2,RIP,D,26.8,682
13,2,STR,D,37,683
13,2,RIP,D,45,684
13,2,RIP,U,50.4,686
13,2,STR,D,51.1,687
13,2,STR,U,61.6,691
13,2,STR,U,61.6,692
13,2,RIP,U,63.3,696
13,3,RIP,U,49,685
13,3,STR,D,62.7,693
13,3,RIP,U,68.4,706
13,3,STR,U,68.4,707
13,3,STR,U,70.2,708
13,3,RIP,D,73.2,712
13,3,STR,D,74.1,714
13,3,RIP,D,75,715
13,4,STR,U,59.9,690
13,4,STR,U,62.8,694
13,4,RIP,D,65.5,699
13,4,RIP,U,66.4,700
13,4,RIP,U,66.9,702
13,4,RIP,D,67.1,704
13,4,STR,D,72.4,710
13,4,STR,D,73.4,713
13,0,,,66.7,701
13,0,,,67,703
13,0,,,76.8,716
13,0,,,77.5,717
13,0,,,78.8,718
14,1,STR,D,57.4,734
14,1,STR,D,61.8,739
14,1,STR,U,62.9,740
14,1,STR,U,63.2,742
14,1,RIP,U,65.9,748
14,1,RIP,U,66.2,749
14,1,RIP,D,70.4,754
14,1,RIP,D,74,755
14,2,RIP,D,42.3,719
14,2,STR,D,48.1,720
14,2,RIP,U,49.8,721
14,2,STR,D,51.4,723
14,2,RIP,U,52.4,725
14,2,RIP,D,53.6,727
14,2,STR,U,56.7,731
14,2,STR,U,56.9,732
14,3,STR,D,51,722
14,3,STR,U,54.5,728
14,3,RIP,D,56.9,733
14,3,STR,D,58.1,735
14,3,RIP,U,58.4,736
14,3,STR,U,58.9,737
14,3,RIP,D,66.9,751
14,3,RIP,U,68.5,752
14,4,STR,D,52.8,726
14,4,RIP,D,55.7,729
14,4,STR,U,55.7,730
14,4,STR,U,60.3,738
14,4,STR,D,63.8,743
14,4,RIP,D,64.1,744
14,4,RIP,U,64.4,745
14,4,RIP,U,64.4,746
14,0,,,51.8,724
14,0,,,63.1,741
14,0,,,65.2,747
14,0,,,66.3,750
14,0,,,69.4,753
15,1,STR,U,42.6,757
15,1,STR,U,51.2,761
15,1,STR,D,53.8,762
15,1,RIP,D,58,763
15,1,STR,D,75.3,776
15,1,RIP,U,75.4,777
15,1,RIP,U,78.9,780
15,1,RIP,D,80.9,784
15,2,RIP,D,40.1,756
15,2,STR,D,43.6,758
15,2,STR,U,46.2,759
15,2,STR,U,50.3,760
15,2,RIP,D,73.3,769
15,2,STR,D,74,772
15,2,RIP,U,74.9,774
15,2,RIP,U,80.7,783
15,3,RIP,U,59.2,764
15,3,RIP,D,64.7,765
15,3,STR,D,70.1,767
15,3,RIP,D,74.8,773
15,3,STR,U,75.1,775
15,3,RIP,U,75.5,778
15,3,STR,U,81.3,786
15,3,STR,D,83.9,789
15,4,RIP,U,72,768
15,4,STR,U,73.7,770
15,4,RIP,U,80.2,782
15,4,STR,U,81,785
15,4,RIP,D,83.4,787
15,4,RIP,D,83.6,788
15,4,STR,D,85.7,790
15,0,,,66,766
15,0,,,73.8,771
15,0,,,75.5,779
15,0,,,79.1,781
16,1,RIP,U,16.1,867
16,1,STR,D,17.4,868
16,1,RIP,D,34,874
16,1,RIP,U,53.8,878
16,1,STR,U,54.5,879
16,1,STR,U,60.6,885
16,1,RIP,D,61.6,886
16,1,STR,D,62.5,889
16,2,RIP,U,6,864
16,2,RIP,U,11.9,865
16,2,STR,D,20.1,869
16,2,RIP,D,21.5,870
16,2,RIP,D,64.2,892
16,2,STR,U,67.1,893
16,2,STR,U,69,895
16,2,STR,D,69.7,897
16,3,RIP,D,15.8,866
16,3,RIP,U,22.4,871
16,3,RIP,U,27.6,872
16,3,STR,D,46.9,877
16,3,STR,D,55.4,881
16,3,RIP,D,63.5,890
16,3,STR,U,67.1,894
16,3,STR,U,73,899
16,4,RIP,D,29.3,873
16,4,RIP,U,40.3,875
16,4,RIP,U,44.8,876
16,4,STR,U,60.2,884
16,4,RIP,D,61.6,887
16,4,STR,U,61.8,888
16,4,STR,D,63.9,891
16,4,STR,D,73.7,900
16,0,,,55.1,880
16,0,,,56.4,882
16,0,,,60.1,883
16,0,,,69.5,896
16,0,,,72.3,898
17,1,STR,D,19.6,1033
17,1,STR,D,33.3,1035
17,1,RIP,D,39.1,1037
17,1,RIP,U,60.2,1045
17,1,RIP,U,60.9,1046
17,1,RIP,D,63.2,1050
17,2,STR,D,1.9,1022
17,2,STR,D,2.7,1024
17,2,STR,U,12.8,1029
17,2,STR,U,28.9,1034
17,2,RIP,D,35,1036
17,2,RIP,D,44.3,1038
17,2,RIP,U,45.3,1039
17,2,RIP,U,46.4,1040
17,3,STR,U,6.7,1026
17,3,STR,U,8.2,1027
17,3,STR,D,15.7,1031
17,3,STR,D,18,1032
17,3,RIP,U,56.3,1041
17,3,RIP,U,59.5,1042
17,3,RIP,D,62.5,1049
17,3,RIP,D,68,1053
17,4,STR,U,2.1,1023
17,4,STR,U,3.7,1025
17,4,STR,D,9.8,1028
17,4,STR,D,13.6,1030
17,4,RIP,D,59.7,1043
17,4,RIP,U,60.1,1044
17,4,RIP,D,68.8,1054
17,4,RIP,U,70.3,1055
17,0,,,61,1047
17,0,,,62.4,1048
17,0,,,64.9,1051
17,0,,,66.4,1052
17,0,,,71.3,1056
18,1,RIP,D,38.3,1125
18,1,STR,U,43,1131
18,1,STR,D,44.8,1138
18,1,STR,U,45.1,1141
18,1,RIP,D,45.7,1143
18,1,RIP,U,46.3,1145
18,1,RIP,U,47,1150
18,1,STR,D,51.2,1157
18,2,RIP,U,40.7,1126
18,2,RIP,U,43.4,1133
18,2,RIP,D,45,1139
18,2,RIP,D,45.7,1144
18,2,STR,D,46.9,1149
18,2,STR,U,47.5,1151
18,2,STR,U,48.6,1154
18,2,STR,D,52.2,1158
18,3,RIP,D,41.1,1127
18,3,STR,D,42.6,1129
18,3,RIP,U,43.3,1132
18,3,RIP,D,45.4,1142
18,3,STR,U,46.3,1146
18,3,STR,U,46.7,1147
18,3,STR,D,46.7,1148
18,3,RIP,U,48.2,1153
18,4,RIP,U,42.4,1128
18,4,STR,U,43.6,1134
18,4,RIP,D,44.4,1135
18,4,RIP,U,44.5,1136
18,4,RIP,D,44.7,1137
18,4,STR,U,50.9,1156
18,4,STR,D,53.7,1160
18,4,STR,D,58.2,1161
19,1,STR,D,19.3,1169
19,1,STR,U,28.6,1176
19,1,RIP,U,28.7,1177
19,1,RIP,U,29.4,1178
19,1,STR,U,29.8,1179
19,1,STR,D,40.5,1185
19,1,RIP,D,52.9,1191
19,1,RIP,D,56.3,1192
19,2,STR,D,9.2,1164
19,2,STR,U,17.4,1167
19,2,RIP,U,19.3,1170
19,2,STR,U,19.6,1171
19,2,STR,D,21.7,1172
19,2,RIP,D,50.3,1187
19,2,RIP,U,51.3,1188
19,2,RIP,D,51.4,1189
19,3,RIP,D,5.8,1162
19,3,RIP,D,8.8,1163
19,3,RIP,U,16.3,1165
19,3,RIP,U,17.1,1166
19,3,STR,U,32.6,1182
19,3,STR,U,39.1,1183
19,3,STR,D,42.7,1186
19,3,STR,D,51.4,1190
19,4,STR,U,18.6,1168
19,4,RIP,U,26.2,1173
19,4,STR,D,26.2,1174
19,4,STR,D,28.5,1175
19,4,RIP,D,29.8,1180
19,4,STR,U,30.8,1181
19,4,RIP,D,39.3,1184
19,4,RIP,U,62.4,1195
19,0,,,60.1,1193
19,0,,,62.1,1194
19,0,,,62.9,1196
19,0,,,65.6,1197
19,0,,,66.1,1198
20,1,STR,U,41.2,1398
20,1,STR,U,41.8,1399
20,1,STR,D,48.7,1401
20,1,STR,D,50.9,1402
20,1,RIP,U,57.7,1408
20,1,RIP,D,58.3,1409
20,1,RIP,U,58.5,1411
20,1,RIP,D,62,1416
20,2,STR,U,54.1,1404
20,2,STR,U,55.4,1405
20,2,STR,D,56.6,1406
20,2,STR,D,58.4,1410
20,2,RIP,D,60.3,1413
20,2,RIP,D,63.9,1419
20,2,RIP,U,66.5,1424
20,2,RIP,U,69,1427
20,3,RIP,U,58.7,1412
20,3,STR,U,60.6,1414
20,3,RIP,D,61.9,1415
20,3,STR,D,63.2,1417
20,3,STR,U,64.2,1420
20,3,RIP,U,64.4,1421
20,3,STR,D,65.6,1422
20,3,RIP,D,68.7,1425
20,4,STR,U,46.7,1400
20,4,STR,D,53.8,1403
20,4,STR,D,56.9,1407
20,4,RIP,D,63.5,1418
20,4,RIP,U,65.6,1423
20,4,RIP,D,68.7,1426
20,4,RIP,U,69,1428
20,4,STR,U,78.6,1429
21,1,STR,D,41.1,1435
21,1,RIP,D,43,1437
21,1,STR,D,44.3,1440
21,1,STR,U,44.6,1441
21,1,STR,U,47.3,1443
21,1,RIP,D,49.3,1447
21,1,RIP,U,54,1455
21,1,RIP,U,55.8,1461
21,2,STR,D,37.8,1432
21,2,RIP,D,48.7,1446
21,2,STR,U,52.3,1450
21,2,RIP,U,53.6,1453
21,2,RIP,D,53.8,1454
21,2,STR,D,55.2,1458
21,2,RIP,U,56.5,1463
21,2,STR,U,57.4,1464
21,3,RIP,U,19.3,1430
21,3,RIP,U,34.6,1431
21,3,RIP,D,40.5,1433
21,3,STR,U,47.7,1444
21,3,STR,U,50.5,1448
21,3,STR,D,53.5,1452
21,3,RIP,D,55,1457
21,4,RIP,D,40.6,1434
21,4,STR,D,42.2,1436
21,4,RIP,D,43.5,1438
21,4,RIP,U,43.9,1439
21,4,RIP,U,47.2,1442
21,4,STR,D,48.4,1445
21,4,STR,U,51.4,1449
21,4,STR,U,53.3,1451
22,1,STR,U,6.3,1466
22,1,STR,D,9,1467
22,1,STR,U,10,1468
22,1,STR,D,15,1470
22,1,RIP,D,59.8,1481
22,1,RIP,D,60.9,1482
22,1,RIP,U,63.1,1485
22,1,RIP,U,69.1,1496
22,2,STR,D,32.3,1476
22,2,STR,D,34.3,1477
22,2,STR,U,61.2,1483
22,2,RIP,D,66.6,1491
22,2,STR,U,67,1492
22,2,RIP,U,67.9,1493
22,2,RIP,D,68.2,1494
22,2,RIP,U,69.5,1497
22,3,STR,D,11.8,1469
22,3,STR,D,15.1,1471
22,3,STR,U,18.9,1472
22,3,STR,U,28.1,1475
22,3,RIP,U,56.7,1480
22,3,RIP,D,61.6,1484
22,3,RIP,U,63.3,1486
22,3,RIP,D,63.8,1487
22,4,STR,U,25.8,1473
22,4,STR,U,27.7,1474
22,4,STR,D,36.4,1478
22,4,STR,D,37.1,1479
22,4,RIP,U,65.4,1488
22,4,RIP,D,65.5,1489
22,4,RIP,U,65.5,1490
22,4,RIP,D,68.9,1495
22,0,,,73.9,1498
22,0,,,74.2,1499
22,0,,,76.4,1500
22,0,,,76.8,1501
22,0,,,77.7,1502
23,1,STR,U,27.4,1508
23,1,STR,U,30.1,1509
23,1,STR,D,38.7,1512
23,1,STR,D,41.6,1514
23,1,RIP,U,44.7,1518
23,1,RIP,U,58.5,1522
23,1,RIP,D,59.2,1523
23,1,RIP,D,68.3,1531
23,2,STR,D,26.9,1507
23,2,STR,U,33.4,1510
23,2,STR,D,43.7,1516
23,2,RIP,U,46.7,1519
23,2,RIP,D,49.5,1520
23,2,STR,U,51,1521
23,2,RIP,U,61.9,1526
23,2,RIP,D,66.4,1529
23,3,STR,D,11.6,1503
23,3,STR,D,18.5,1504
23,3,STR,U,37.8,1511
23,3,STR,U,41.3,1513
23,3,RIP,U,61.8,1525
23,3,RIP,U,63.7,1528
23,3,RIP,D,68.6,1532
23,3,RIP,D,70,1533
23,4,STR,U,23.3,1505
23,4,STR,U,24.6,1506
23,4,STR,D,43.5,1515
23,4,STR,D,44.1,1517
23,4,RIP,U,59.8,1524
23,4,RIP,D,63.3,1527
23,4,RIP,U,66.4,1530
23,4,RIP,D,70.3,1534
24,1,STR,D,1.1,1535
24,1,STR,U,3.3,1536
24,1,STR,D,3.3,1537
24,1,STR,U,3.9,1538
24,1,RIP,U,16.9,1539
24,1,RIP,D,31.5,1546
24,1,RIP,U,41.1,1554
24,1,RIP,D,43.2,1557
24,2,STR,U,21,1541
24,2,RIP,U,23,1543
24,2,STR,D,35.9,1547
24,2,STR,U,39.4,1551
24,2,RIP,D,42.2,1555
24,2,STR,D,44.2,1559
24,2,RIP,D,47.8,1565
24,2,RIP,U,51.5,1568
24,3,STR,U,21.5,1542
24,3,RIP,U,36.4,1548
24,3,STR,D,37.5,1549
24,3,RIP,U,42.3,1556
24,3,STR,D,45.5,1560
24,3,RIP,D,50.2,1566
24,3,RIP,D,50.2,1567
24,3,STR,U,58.3,1571
24,4,STR,D,18.1,1540
24,4,STR,D,27.5,1544
24,4,STR,U,31.2,1545
24,4,RIP,U,39.1,1550
24,4,RIP,U,39.6,1552
24,4,RIP,D,40.4,1553
24,4,STR,U,45.9,1561
24,4,RIP,D,46.3,1563
25,1,STR,U,20.7,1579
25,1,STR,U,24.9,1580
25,1,RIP,U,29.5,1583
25,1,RIP,U,38.8,1586
25,2,STR,U,5,1572
25,2,STR,D,8.8,1575
25,2,STR,D,12.6,1578
25,2,STR,U,25.5,1581
25,2,RIP,U,28.3,1582
25,2,RIP,U,40.3,1588
25,2,RIP,D,46.3,1593
25,2,RIP,D,46.4,1595
25,4,STR,D,7.6,1573
25,4,STR,U,8.7,1574
25,4,STR,D,11.1,1576
25,4,STR,U,12,1577
25,4,RIP,D,35.4,1584
25,4,RIP,D,35.8,1585
25,4,RIP,U,39.9,1587
25,4,RIP,U,45.3,1592
26,1,STR,D,10.6,1597
26,1,STR,D,19.2,1598
26,1,STR,U,25.5,1599
26,1,STR,U,34,1600
26,1,RIP,D,55.4,1611
26,1,RIP,U,57.4,1619
26,1,RIP,D,60,1627
26,1,RIP,U,62.5,1632
26,2,RIP,U,48.1,1601
26,2,STR,U,48.2,1602
26,2,RIP,D,51.9,1603
26,2,RIP,U,54.5,1608
26,2,STR,D,54.8,1610
26,2,RIP,D,56.8,1617
26,2,STR,U,57.8,1620
26,2,STR,D,58.1,1622
26,3,STR,U,52.8,1604
26,3,STR,D,53.1,1607
26,3,RIP,U,55.6,1612
26,3,STR,D,55.7,1613
26,3,RIP,D,56.4,1614
26,3,RIP,D,56.4,1615
26,3,STR,U,58.1,1623
26,4,RIP,D,52.8,1605
26,4,STR,U,53,1606
26,4,RIP,D,54.7,1609
26,4,STR,U,56.5,1616
26,4,STR,D,57.3,1618
26,4,RIP,U,57.9,1621
26,4,STR,D,58.2,1624
26,4,RIP,U,58.5,1625
26,0,,,58.9,1626
26,0,,,60.1,1628
26,0,,,60.5,1629
26,0,,,61,1630
26,0,,,62.2,1631
27,1,STR,U,21.9,1633
27,1,STR,D,27.8,1636
27,1,STR,D,27.9,1637
27,1,STR,U,35.7,1642
27,1,RIP,U,49.3,1652
27,1,RIP,D,52.4,1653
27,1,RIP,U,54.2,1654
27,1,RIP,D,55.9,1655
27,2,RIP,U,27.2,1635
27,2,STR,D,34.1,1639
27,2,RIP,D,35.6,1641
27,2,STR,D,45.8,1647
27,2,STR,U,48.1,1649
27,2,RIP,D,48.8,1650
27,2,STR,U,48.8,1651
27,2,RIP,U,59.4,1658
27,3,STR,U,34.2,1640
27,3,STR,U,41.6,1645
27,3,STR,D,44.1,1646
27,3,STR,D,47.1,1648
27,3,RIP,D,56.9,1656
27,3,RIP,D,61.7,1660
27,3,RIP,U,64.4,1662
27,3,RIP,U,65.1,1664
27,4,STR,U,25.1,1634
27,4,STR,U,29.5,1638
27,4,STR,D,38,1643
27,4,STR,D,39.7,1644
27,4,RIP,D,57.6,1657
27,4,RIP,D,70.5,1667
27,0,,,60,1659
27,0,,,63.3,1661
27,0,,,65,1663
27,0,,,65.3,1665
27,0,,,67.2,1666
28,1,STR,U,57.3,1683
28,1,STR,U,58.6,1684
28,1,STR,D,60.1,1685
28,1,RIP,D,62.1,1686
28,1,RIP,D,64.2,1687
28,1,STR,D,71.2,1691
28,1,RIP,U,72.6,1693
28,1,RIP,U,77.6,1695
28,2,STR,U,14.8,1668
28,2,STR,U,20.7,1669
28,2,STR,D,21.6,1670
28,2,STR,D,25.5,1671
28,2,RIP,D,64.4,1688
28,2,RIP,U,67.6,1690
28,2,RIP,D,72.4,1692
28,2,RIP,U,76.4,1694
28,3,STR,D,35.8,1672
28,3,RIP,D,40,1673
28,3,STR,D,45.7,1675
28,3,STR,U,46.6,1676
28,3,STR,U,47.3,1677
28,3,RIP,U,48.2,1678
28,3,RIP,U,49.3,1680
28,3,RIP,D,50.1,1681
28,4,RIP,U,42.4,1674
28,4,STR,U,48.4,1679
28,4,STR,U,52,1682
28,4,RIP,U,65.5,1689
29,1,STR,D,4.6,1699
29,1,STR,U,4.8,1700
29,1,STR,D,5.5,1701
29,1,STR,U,6.1,1702
29,1,RIP,D,27.9,1713
29,1,RIP,U,40.9,1719
29,1,RIP,U,46.2,1723
29,1,RIP,D,50.7,1726
29,2,STR,D,14.3,1706
29,2,RIP,U,20.5,1709
29,2,STR,U,22.6,1710
29,2,STR,D,23.7,1711
29,2,STR,U,24.4,1712
29,2,RIP,U,48.2,1724
29,2,RIP,D,48.7,1725
29,2,RIP,D,55.8,1727
29,3,STR,U,1.7,1696
29,3,STR,D,8.1,1703
29,3,STR,D,10.8,1705
29,3,STR,U,16.7,1707
29,3,RIP,D,17.6,1708
29,3,RIP,U,28,1714
29,3,RIP,D,43.1,1721
29,3,RIP,U,44.8,1722
29,4,STR,U,1.8,1697
29,4,STR,D,3.1,1698
29,4,STR,D,8.6,1704
29,4,STR,U,29.4,1715
29,4,RIP,U,31.4,1716
29,4,RIP,U,33.8,1717
29,4,RIP,D,34.2,1718
29,4,RIP,D,42.2,1720
30,1,STR,D,2.1,1728
30,1,STR,U,5.2,1729
30,1,STR,D,5.4,1730
30,1,STR,U,13.4,1732
30,1,RIP,U,68.4,1746
30,1,RIP,D,71.8,1751
30,1,RIP,U,71.9,1754
30,1,RIP,D,72.3,1755
30,2,STR,D,35.5,1737
30,2,STR,D,39.3,1738
30,2,STR,U,49,1741
30,2,STR,U,51,1742
30,2,RIP,D,63.3,1744
30,2,RIP,D,71.8,1752
30,2,RIP,U,73.2,1756
30,2,RIP,U,74.4,1759
30,3,STR,D,11.4,1731
30,3,STR,D,19.9,1733
30,3,STR,U,22.5,1734
30,3,STR,U,26.3,1735
30,3,RIP,U,71.3,1749
30,3,RIP,D,71.4,1750
30,3,RIP,D,71.8,1753
30,3,RIP,U,79,1763
30,4,STR,U,26.6,1736
30,4,STR,D,42.5,1739
30,4,STR,D,44.8,1740
30,4,STR,U,52.1,1743
30,4,RIP,D,66.8,1745
30,4,RIP,U,69.5,1747
30,4,RIP,D,69.6,1748
30,4,RIP,U,73.6,1757
30,0,,,73.6,1758
30,0,,,75.7,1760
30,0,,,76.3,1761
30,0,,,78.3,1762
30,0,,,79.2,1764
31,1,STR,D,49.6,1837
31,1,RIP,D,53.4,1840
31,1,RIP,U,57,1844
31,1,STR,D,62.1,1848
31,1,RIP,D,69.8,1857
31,1,RIP,U,70.2,1858
31,2,STR,D,22.5,1829
31,2,STR,U,29,1832
31,2,RIP,U,35.3,1835
31,2,RIP,U,39.3,1836
31,2,STR,D,51.3,1838
31,2,STR,U,54.5,1842
31,2,RIP,D,57.9,1845
31,2,RIP,D,63.2,1849
31,3,STR,U,22.4,1828
31,3,STR,D,23.8,1830
31,3,STR,U,30.3,1833
31,3,STR,D,30.3,1834
31,3,RIP,U,55.2,1843
31,3,RIP,D,60.6,1846
31,3,RIP,U,63.4,1850
31,3,RIP,D,68.2,1855
31,4,STR,D,28.6,1831
31,4,RIP,D,52.3,1839
31,4,RIP,D,61.3,1847
31,4,RIP,U,64.3,1852
31,4,RIP,U,65.5,1853
31,0,,,54.1,1841
31,0,,,64.1,1851
31,0,,,67.8,1854
31,0,,,69.6,1856
31,0,,,72.8,1859
32,1,STR,D,0.1,1860
32,1,STR,U,0.5,1861
32,1,RIP,D,49.8,1877
32,1,RIP,D,50.7,1879
32,1,RIP,U,51.8,1881
32,1,RIP,U,52.4,1884
32,2,STR,D,2,1862
32,2,STR,D,2.4,1863
32,2,STR,U,5.7,1866
32,2,STR,U,13,1867
32,2,RIP,D,47.9,1874
32,2,RIP,U,50.5,1878
32,2,RIP,D,53,1885
32,2,RIP,U,53.2,1886
32,3,RIP,D,46,1870
32,3,RIP,D,46.4,1872
32,3,RIP,U,47,1873
32,3,RIP,U,51.8,1882
32,4,STR,D,2.4,1864
32,4,STR,D,4,1865
32,4,RIP,U,41,1868
32,4,RIP,D,42.6,1869
32,4,RIP,D,46.2,1871
32,4,RIP,U,48.1,1875
33,1,RIP,D,23.4,1890
33,1,RIP,U,41.2,1893
33,1,RIP,U,42.9,1894
33,1,RIP,D,45.6,1897
33,1,STR,D,57.8,1903
33,1,STR,U,61.4,1907
33,1,STR,D,67.5,1917
33,1,STR,U,78.6,1924
33,2,RIP,U,45.3,1896
33,2,STR,D,49.3,1898
33,2,RIP,U,57.3,1902
33,2,STR,D,58.7,1904
33,2,STR,U,61.5,1908
33,2,RIP,D,62.4,1910
33,2,RIP,D,63.8,1913
33,2,STR,U,65.5,1914
33,3,RIP,U,33.2,1892
33,3,RIP,U,54.1,1899
33,3,STR,U,55,1901
33,3,STR,D,61,1906
33,3,STR,D,62.9,1911
33,3,RIP,D,65.7,1915
33,3,RIP,D,65.8,1916
33,3,STR,U,67.8,1918
33,4,RIP,D,15.2,1888
33,4,RIP,D,16.5,1889
33,4,RIP,U,25.6,1891
33,4,RIP,U,44.2,1895
33,4,STR,U,54.8,1900
33,4,STR,U,58.8,1905
33,4,STR,D,62.2,1909
33,4,STR,D,63.5,1912
33,0,,,68.1,1919
33,0,,,68.2,1920
33,0,,,70.1,1921
33,0,,,70.5,1922
33,0,,,71.2,1923
34,1,STR,D,17.8,1962
34,1,STR,D,29.7,1963
34,1,RIP,U,32.1,1964
34,1,STR,U,39.5,1966
34,1,STR,U,41.2,1967
34,1,RIP,D,43.4,1968
34,1,RIP,D,67.9,1990
34,1,RIP,U,73,1996
34,2,RIP,U,57,1973
34,2,RIP,D,60.8,1977
34,2,STR,U,60.8,1978
34,2,STR,D,62.7,1983
34,2,STR,U,63.3,1984
34,2,STR,D,64.8,1986
34,2,RIP,D,65,1987
34,2,RIP,U,72.8,1995
34,3,RIP,U,58.7,1974
34,3,STR,D,59.1,1975
34,3,STR,U,60.3,1976
34,3,STR,U,62.5,1980
34,3,RIP,U,66,1988
34,3,RIP,D,68,1991
34,3,RIP,D,68.3,1992
34,4,STR,U,37,1965
34,4,RIP,U,44.5,1969
34,4,STR,D,46,1970
34,4,STR,D,47.5,1971
34,4,RIP,D,55.4,1972
34,4,RIP,D,62.1,1979
34,4,RIP,D,62.5,1981
34,4,STR,D,62.5,1982
34,4,RIP,U,64.1,1985
34,0,,,66.7,1989
34,0,,,68.4,1993
34,0,,,72.4,1994
35,1,STR,D,18.8,1997
35,1,STR,D,25.6,1998
35,1,RIP,U,32,1999
35,1,RIP,U,41.2,2002
35,1,RIP,D,41.4,2003
35,1,RIP,D,50.5,2010
35,1,STR,U,51.6,2012
35,1,STR,U,55.7,2016
35,2,RIP,D,37.5,2000
35,2,RIP,D,39.5,2001
35,2,RIP,U,49.3,2007
35,2,STR,D,50.4,2009
35,2,RIP,U,53.9,2014
35,2,STR,D,54.4,2015
35,2,STR,U,59.4,2020
35,2,STR,U,59.6,2021
35,3,RIP,U,47.5,2004
35,3,RIP,D,48.6,2005
35,3,STR,D,48.7,2006
35,3,RIP,U,49.9,2008
35,3,STR,D,56.4,2019
35,3,RIP,D,63.3,2023
35,3,STR,U,64.9,2024
35,3,STR,U,65.5,2026
35,4,RIP,U,50.6,2011
35,4,RIP,D,53.1,2013
35,4,STR,U,55.9,2017
35,4,STR,U,56.3,2018
35,4,STR,D,60.8,2022
35,4,RIP,U,65.4,2025
35,4,STR,D,67.3,2029
35,4,RIP,D,71.7,2031
35,0,,,66.3,2027
35,0,,,66.6,2028
35,0,,,70.6,2030
35,0,,,71.7,2032
35,0,,,72.4,2033
36,1,STR,D,7,2075
36,1,RIP,D,23.3,2081
36,1,RIP,D,36.2,2087
36,1,RIP,U,38.2,2088
36,1,RIP,U,42.3,2093
36,2,STR,D,14.1,2078
36,2,STR,U,16.4,2079
36,2,STR,D,21.1,2080
36,2,RIP,D,40.4,2091
36,2,RIP,D,47.5,2094
36,2,RIP,U,51.1,2095
36,2,RIP,U,53.9,2096
36,3,STR,U,4.2,2074
36,3,STR,D,7.7,2076
36,3,STR,D,11.4,2077
36,3,RIP,D,30.4,2084
36,3,RIP,U,39.9,2089
36,3,RIP,D,39.9,2090
36,3,RIP,U,41.8,2092
36,4,STR,D,0.7,2071
36,4,STR,U,1,2072
36,4,STR,U,1.2,2073
36,4,RIP,D,24.3,2082
36,4,RIP,D,24.7,2083
36,4,RIP,U,31.4,2085
36,4,RIP,U,35,2086
37,1,STR,D,1.6,2200
37,1,STR,U,3,2203
37,1,STR,U,5.8,2206
37,1,RIP,U,48.1,2213
37,1,RIP,D,51.3,2215
37,1,RIP,D,59.8,2223
37,1,RIP,U,60.2,2224
37,2,RIP,D,42.2,2209
37,2,RIP,D,49.4,2214
37,2,RIP,U,56.6,2218
37,2,STR,D,59.6,2221
37,2,STR,D,64.9,2227
37,2,RIP,U,66.1,2230
37,2,STR,U,66.2,2231
37,2,STR,U,67.1,2233
37,3,STR,U,1.9,2201
37,3,STR,U,2.5,2202
37,3,STR,D,3,2204
37,3,STR,D,3.3,2205
37,3,RIP,D,57.7,2220
37,3,RIP,U,60.3,2225
37,3,RIP,U,66.8,2232
37,3,RIP,D,75,2238
37,4,STR,D,40.8,2207
37,4,RIP,D,41.8,2208
37,4,STR,U,45.4,2210
37,4,STR,U,46.3,2211
37,4,RIP,U,47.5,2212
37,4,RIP,D,54.5,2217
37,4,STR,D,59.6,2222
37,4,RIP,U,65.9,2229
37,0,,,52.2,2216
37,0,,,56.7,2219
37,0,,,63.9,2226
37,0,,,65.1,2228
37,0,,,67.2,2234
37,0,,,68.5,2235
37,0,,,70.2,2236
37,0,,,73.7,2237
38,1,RIP,D,9.2,2247
38,1,STR,,10,2248
38,1,STR,,16,2252
38,1,RIP,D,32.1,2263
38,1,RIP,U,45.3,2272
38,1,RIP,U,48.6,2274
38,1,RIP,,50.5,2279
38,1,RIP,,63.5,2287
38,2,STR,,2.6,2242
38,2,STR,,3.9,2245
38,2,RIP,U,23.3,2255
38,2,RIP,,24.5,2256
38,2,STR,D,29.3,2262
38,2,RIP,U,35,2267
38,2,RIP,D,36,2268
38,2,STR,D,37.8,2269
38,2,RIP,D,48.7,2275
38,2,RIP,,55.1,2284
38,3,STR,,2.9,2243
38,3,STR,U,18.3,2253
38,3,STR,U,23,2254
38,3,RIP,,26.6,2257
38,3,RIP,S,27.2,2258
38,3,RIP,S,29,2261
38,3,RIP,U,33,2264
38,3,STR,D,33.7,2265
38,3,STR,D,34,2266
38,3,RIP,U,44.5,2271
38,3,RIP,,49.2,2276
38,4,STR,,1.4,2240
38,4,STR,,1.7,2241
38,4,RIP,D,3.7,2244
38,4,STR,D,9,2246
38,4,STR,U,10.3,2249
38,4,STR,D,10.6,2250
38,4,STR,U,14,2251
38,4,RIP,D,27.2,2259
38,4,RIP,U,28.2,2260
38,4,RIP,,43.1,2270
38,4,RIP,U,52,2281
38,4,RIP,,60.9,2285
38,5,STR,,1.3,2239
38,5,RIP,,49.3,2277
38,5,RIP,,60.9,2286
39,1,RIP,U,21.5,2451
39,1,RIP,D,29.5,2454
39,1,RIP,D,32.4,2459
39,1,STR,U,44.1,2466
39,1,STR,U,52.7,2469
39,1,RIP,U,62.5,2473
39,1,STR,D,73.6,2480
39,1,STR,D,78.8,2484
39,2,STR,U,19.9,2450
39,2,STR,U,23,2453
39,2,RIP,U,29.5,2455
39,2,STR,D,29.9,2457
39,2,RIP,U,30.6,2458
39,2,RIP,D,38.6,2462
39,2,STR,D,38.8,2463
39,2,RIP,D,54.7,2470
39,3,RIP,D,29.8,2456
39,3,RIP,U,49.4,2467
39,3,STR,U,51,2468
39,3,RIP,D,62.2,2472
39,3,STR,U,64.4,2475
39,3,RIP,U,70.1,2477
39,4,RIP,U,22.3,2452
39,4,STR,U,37.3,2460
39,4,STR,D,37.3,2461
39,4,STR,D,40.1,2464
39,4,STR,U,40.3,2465
39,4,RIP,U,58,2471
39,4,RIP,D,62.7,2474
39,4,RIP,D,70.6,2478
39,0,,,67.9,2476
39,0,,,70.9,2479
39,0,,,74.5,2481
39,0,,,76.6,2482
39,0,,,77.3,2483
40,1,RIP,D,38.2,2498
40,1,RIP,U,40.9,2502
40,1,STR,D,40.9,2503
40,1,RIP,D,41.2,2504
40,1,RIP,U,43.7,2509
40,1,STR,D,45.2,2512
40,1,STR,U,47,2513
40,1,STR,U,50.5,2520
40,2,STR,D,25,2486
40,2,STR,D,27,2488
40,2,STR,U,28.7,2489
40,2,RIP,D,31,2492
40,2,STR,U,31.4,2493
40,2,RIP,D,33.9,2495
40,2,RIP,U,38.6,2499
40,2,RIP,U,43.3,2508
40,3,STR,U,23.3,2485
40,3,STR,D,25.5,2487
40,3,STR,D,29.1,2490
40,3,STR,U,29.9,2491
40,3,RIP,D,33,2494
40,3,RIP,U,42.4,2505
40,3,RIP,U,44.9,2511
40,3,RIP,D,51.5,2521
40,4,STR,U,36.3,2496
40,4,RIP,D,37.9,2497
40,4,RIP,U,39,2500
40,4,RIP,D,40.6,2501
40,4,RIP,U,42.6,2506
40,4,STR,D,49.1,2516
40,4,STR,D,49.8,2517
40,4,STR,U,50.4,2519
41,1,STR,U,7.1,2527
41,1,STR,U,7.4,2528
41,1,RIP,D,15.7,2532
41,1,STR,D,16.8,2533
41,1,RIP,D,23.4,2539
41,1,RIP,U,23.9,2542
41,1,RIP,U,24.5,2544
41,2,STR,U,3.1,2522
41,2,RIP,D,23.1,2537
41,2,RIP,U,24.3,2543
41,2,RIP,U,26.8,2547
41,2,RIP,D,29.9,2553
41,3,STR,U,5.8,2523
41,3,STR,D,6,2524
41,3,STR,D,7.4,2529
41,3,STR,U,10,2530
41,3,RIP,D,23.7,2540
41,3,RIP,U,23.8,2541
41,3,RIP,U,25,2545
41,3,RIP,D,29.1,2550
41,4,STR,D,6.6,2525
41,4,STR,U,6.9,2526
41,4,STR,D,11.2,2531
41,4,STR,U,18,2534
41,4,RIP,U,19.3,2535
41,4,RIP,D,20.8,2536
41,4,RIP,U,23.1,2538
41,4,RIP,D,29.1,2551
42,1,STR,U,1.1,2625
42,1,STR,D,3.7,2626
42,1,STR,D,3.7,2627
42,1,RIP,D,43.2,2642
42,1,RIP,U,56.8,2648
42,1,RIP,U,57.9,2650
42,1,RIP,D,62.7,2655
42,2,STR,U,5.4,2628
42,2,STR,D,9.8,2630
42,2,STR,U,12.2,2631
42,2,STR,D,26.2,2636
42,2,RIP,D,30.8,2638
42,2,RIP,U,33.4,2639
42,2,RIP,D,47.8,2643
42,2,RIP,U,55.2,2645
42,3,STR,D,6.7,2629
42,3,STR,U,15.2,2632
42,3,STR,U,16,2633
42,3,STR,D,24,2634
42,3,RIP,U,53.9,2644
42,3,RIP,D,57.1,2649
42,3,RIP,D,59.7,2652
42,3,RIP,U,59.8,2653
42,4,STR,U,25.8,2635
42,4,STR,U,28.7,2637
42,4,STR,D,36.6,2640
42,4,STR,D,41.6,2641
42,4,RIP,U,56.6,2646
42,4,RIP,U,56.7,2647
42,4,RIP,D,59.1,2651
42,4,RIP,D,60.3,2654
42,0,,,63.6,2656
42,0,,,65.3,2657
42,0,,,65.7,2658
42,0,,,66.4,2659
42,0,,,67.2,2660
43,1,RIP,D,42.7,2673
43,1,RIP,D,52,2680
43,1,RIP,U,52.1,2681
43,1,STR,D,53.8,2683
43,1,STR,U,55.7,2685
43,1,STR,U,56.6,2687
43,1,RIP,U,58.5,2689
43,1,STR,D,58.9,2690
43,2,STR,D,32.6,2670
43,2,STR,U,35.7,2671
43,2,RIP,D,45,2674
43,2,STR,D,47.7,2675
43,2,RIP,D,48.1,2677
43,2,STR,U,50.5,2679
43,2,RIP,U,53.3,2682
43,2,RIP,U,56.5,2686
43,3,STR,U,11.1,2661
43,3,STR,D,19.1,2662
43,3,STR,U,22.9,2665
43,3,STR,D,27.2,2667
43,3,RIP,U,39.7,2672
43,3,RIP,D,54.8,2684
43,3,RIP,U,57.1,2688
43,3,RIP,D,61.5,2691
43,4,STR,U,19.3,2663
43,4,RIP,D,21.9,2664
43,4,STR,D,24.3,2666
43,4,STR,U,27.3,2668
43,4,STR,D,31.2,2669
43,4,RIP,U,47.7,2676
43,4,RIP,D,48.9,2678
43,0,,,65.1,2692
43,0,,,65.3,2693
43,0,,,69,2694
43,0,,,70.4,2695
43,0,,,72.5,2696
44,1,STR,D,2.4,2701
44,1,STR,D,3.1,2702
44,1,STR,U,10.4,2707
44,1,STR,U,18.9,2708
44,1,RIP,D,52.4,2710
44,1,RIP,U,57.7,2713
44,1,RIP,D,61.9,2716
44,1,RIP,U,66.3,2719
44,2,STR,D,0.5,2697
44,2,STR,U,0.6,2698
44,2,STR,D,0.9,2699
44,2,STR,U,1.1,2700
44,2,RIP,U,54.6,2711
44,2,RIP,D,64.7,2717
44,2,RIP,U,65.4,2718
44,2,RIP,D,66.6,2720
44,3,STR,D,3.3,2703
44,3,STR,D,4.9,2704
44,3,STR,U,5.3,2705
44,3,STR,U,5.7,2706
44,3,RIP,U,41.5,2709
44,3,RIP,U,54.7,2712
44,3,RIP,D,58.3,2714
44,3,RIP,D,58.9,2715
45,1,RIP,U,39.2,2721
45,1,STR,U,50,2724
45,1,RIP,U,53.4,2725
45,1,STR,D,55.7,2727
45,1,RIP,D,59.6,2732
45,1,STR,D,64.1,2744
45,1,STR,U,65.4,2746
45,1,RIP,D,65.5,2747
45,2,STR,U,55.7,2728
45,2,RIP,U,61.8,2737
45,2,STR,U,62,2738
45,2,RIP,U,62.4,2739
45,2,RIP,D,63,2742
45,2,RIP,D,63.6,2743
45,2,STR,D,67.4,2750
45,2,STR,D,69,2752
45,3,STR,D,47.4,2723
45,3,STR,D,56.8,2729
45,3,RIP,U,58.8,2730
45,3,RIP,D,60.4,2733
45,3,RIP,D,62.7,2740
45,3,STR,U,65.2,2745
45,3,STR,U,66.7,2748
45,3,RIP,U,67,2749
45,4,STR,D,41.3,2722
45,4,RIP,D,54.7,2726
45,4,STR,U,59.1,2731
45,4,STR,D,60.5,2734
45,4,RIP,U,61.3,2735
45,4,STR,U,61.6,2736
45,4,RIP,D,62.8,2741
45,4,RIP,U,67.8,2751
45,0,,,72.3,2753
45,0,,,72.8,2754
45,0,,,73.1,2755
45,0,,,76,2756
45,0,,,76.6,2757
46,1,STR,D,43.9,2761
46,1,STR,D,53.6,2763
46,1,STR,U,56.8,2764
46,1,STR,U,65.3,2768
46,1,RIP,D,65.5,2770
46,1,RIP,U,68.7,2773
46,1,RIP,U,70.2,2778
46,1,RIP,D,74.9,2788
46,2,RIP,U,69,2774
46,2,STR,U,69.1,2775
46,2,RIP,D,70.1,2777
46,2,STR,D,71.1,2779
46,2,STR,D,73.8,2785
46,2,RIP,U,74.1,2786
46,2,STR,U,74.9,2789
46,2,RIP,D,80.5,2792
46,3,STR,D,42.5,2759
46,3,STR,D,45.9,2762
46,3,RIP,D,62.6,2766
46,3,RIP,U,67.7,2772
46,3,RIP,D,72.7,2782
46,3,RIP,U,73,2784
46,4,STR,U,38.1,2758
46,4,STR,U,43.5,2760
46,4,STR,D,63.9,2767
46,4,RIP,D,65.4,2769
46,4,STR,D,67.1,2771
46,4,RIP,U,71.2,2780
46,4,RIP,U,72.7,2783
46,4,RIP,D,77.7,2791
46,0,,,62.5,2765
46,0,,,69.6,2776
46,0,,,72.3,2781
46,0,,,74.4,2787
46,0,,,77.1,2790
47,1,RIP,D,56.4,2796
47,1,STR,D,57.1,2798
47,1,STR,D,57.2,2799
47,1,STR,U,57.9,2802
47,1,STR,U,62.9,2814
47,1,RIP,U,68.5,2823
47,1,RIP,D,69.2,2825
47,1,RIP,U,71,2828
47,2,RIP,U,42.1,2793
47,2,RIP,D,42.6,2794
47,2,STR,U,57.7,2801
47,2,STR,D,58.9,2804
47,2,STR,U,59.4,2806
47,2,STR,D,61.5,2808
47,2,RIP,D,62.4,2812
47,2,RIP,U,72.2,2829
47,3,RIP,D,52,2795
47,3,STR,D,56.9,2797
47,3,RIP,D,57.5,2800
47,3,STR,U,57.9,2803
47,3,RIP,U,58.9,2805
47,3,STR,U,62.8,2813
47,3,RIP,U,63.5,2815
47,3,STR,D,66.5,2817
47,4,RIP,U,60.6,2807
47,4,STR,D,61.5,2809
47,4,RIP,D,61.8,2811
47,4,RIP,U,65.5,2816
47,4,STR,U,67.6,2820
47,4,RIP,D,68,2821
47,4,STR,U,69,2824
47,4,STR,D,69.7,2826
47,0,,,61.5,2810
47,0,,,66.7,2818
47,0,,,67,2819
47,0,,,68,2822
47,0,,,70.3,2827
48,1,RIP,U,14.3,2865
48,1,RIP,D,27,2866
48,1,RIP,U/D,46.3,2869
48,1,RIP,D,63.6,2870
48,2,STR,D,5.1,2862
48,2,RIP,D,64.4,2871
48,2,RIP,D,68.2,2874
48,3,RIP,D,33.6,2868
48,3,RIP,D,65.2,2872
48,3,STR,D,65.2,2873
48,4,STR,U,5.4,2863
48,4,STR,D,5.6,2864
48,4,STR,D,30.1,2867
48,4,RIP,D,69.4,2876
48,4,RIP,D,70.6,2877
48,0,,,69.1,2875
48,0,,,71.3,2878
48,0,,,71.8,2879
48,0,,,72.8,2880
48,0,,,74.8,2881
48,0,,,76.5,2882
48,0,,,79.3,2883
49,1,STR,U,23.7,3001
49,1,STR,D,24.5,3002
49,1,RIP,D,43.9,3013
49,1,RIP,U,48.8,3014
49,1,RIP,D,50.8,3015
49,1,STR,D,52.2,3016
49,1,RIP,U,65.1,3023
49,1,STR,U,68.3,3025
49,2,STR,D,3.4,2996
49,2,STR,D,7.3,2998
49,2,STR,U,24.9,3003
49,2,RIP,U,26.3,3004
49,2,STR,U,28.7,3006
49,2,RIP,U,29.7,3007
49,2,RIP,D,56.3,3017
49,2,RIP,D,64.8,3021
49,3,STR,U,0.1,2993
49,3,STR,U,1.9,2994
49,3,STR,D,2.6,2995
49,3,STR,D,8.4,2999
49,3,RIP,U,37.4,3012
49,3,RIP,U,59.1,3018
49,3,RIP,D,70,3026
49,3,RIP,D,72,3027
49,4,RIP,U,5.5,2997
49,4,STR,U,21.7,3000
49,4,STR,U,27.7,3005
49,4,STR,D,30,3008
49,4,STR,D,32.8,3009
49,4,RIP,D,36.3,3010
49,4,RIP,U,37.1,3011
49,4,RIP,D,61.6,3019
49,0,,,63.2,3020
49,0,,,64.8,3022
49,0,,,67.8,3024
49,0,,,73.7,3028
49,0,,,77.2,3029
50,1,RIP,D,12.7,3036
50,1,STR,D,17.3,3038
50,1,RIP,D,19.3,3039
50,1,STR,D,21.9,3040
50,1,RIP,U,67.5,3049
50,1,RIP,U,68.7,3050
50,2,RIP,U,3.8,3031
50,2,STR,D,6.5,3033
50,2,RIP,U,13.8,3037
50,2,RIP,D,45.5,3041
50,3,STR,D,2.4,3030
50,3,STR,D,6.4,3032
50,3,RIP,U,63.9,3046
50,3,RIP,U,67,3048
50,3,RIP,D,71.6,3053
50,3,RIP,D,71.6,3054
50,4,STR,U,7.3,3034
50,4,STR,U,12.1,3035
50,4,STR,D,47.7,3042
50,4,STR,D,50.3,3043
50,4,RIP,D,56.6,3044
50,4,RIP,D,62.8,3045
50,4,RIP,U,65.3,3047
50,4,RIP,U,74.1,3055
50,0,,,71.1,3051
50,0,,,71.2,3052
50,0,,,76.3,3056
50,0,,,79,3057
50,0,,,81.1,3058
51,1,RIP,U,42.7,3137
51,1,STR,U,44.9,3141
51,1,RIP,U,45.8,3142
51,1,RIP,D,46.9,3144
51,1,RIP,D,47.5,3150
51,1,STR,D,47.9,3153
51,1,STR,U,49.8,3160
51,1,STR,D,53.8,3162
51,2,RIP,U,44.8,3140
51,2,STR,D,47,3146
51,2,RIP,U,47.3,3149
51,2,STR,U,48.3,3155
51,2,STR,D,49.1,3156
51,2,STR,U,49.3,3157
51,2,RIP,D,49.7,3158
51,2,RIP,D,54.2,3163
51,3,STR,U,27.7,3135
51,3,RIP,U,40,3136
51,3,RIP,U,43.6,3138
51,3,RIP,D,43.9,3139
51,3,STR,U,46.5,3143
51,3,RIP,D,47,3147
51,3,STR,D,48.2,3154
51,3,STR,D,50.8,3161
51,4,STR,U,23.5,3133
51,4,STR,U,25.7,3134
51,4,RIP,D,46.9,3145
51,4,RIP,U,47.1,3148
51,4,STR,D,47.6,3151
51,4,RIP,U,49.7,3159
51,4,STR,D,55,3164
51,4,RIP,D,55.1,3165
51,0,,,47.6,3152
51,0,,,56.8,3166
51,0,,,58,3167
51,0,,,60.2,3168
51,0,,,60.3,3169
52,1,STR,U,6.5,3170
52,1,STR,U,9.5,3172
52,1,STR,D,17.3,3174
52,1,STR,D,28.2,3179
52,1,RIP,U,44.5,3198
52,1,RIP,D,47.6,3203
52,1,RIP,U,48.1,3204
52,1,RIP,D,48.1,3205
52,2,STR,U,9.3,3171
52,2,STR,U,15,3173
52,2,STR,D,31.5,3185
52,2,STR,D,33.3,3188
52,2,RIP,D,34.5,3189
52,2,RIP,D,43.5,3195
52,2,RIP,U,43.6,3196
52,2,RIP,U,45.8,3201
52,3,RIP,D,28.5,3180
52,3,STR,U,29.2,3182
52,3,STR,D,29.3,3183
52,3,STR,U,33.2,3187
52,3,STR,D,34.7,3190
52,3,RIP,D,37.5,3192
52,3,RIP,U,37.9,3193
52,3,RIP,U,42.6,3194
52,4,STR,D,18.6,3175
52,4,STR,U,19.4,3176
52,4,STR,U,19.8,3177
52,4,STR,D,25.4,3178
52,4,RIP,U,29.1,3181
52,4,RIP,D,29.8,3184
52,4,RIP,D,33,3186
52,4,RIP,U,35.4,3191
52,0,,,43.8,3197
52,0,,,45.1,3199
52,0,,,45.5,3200
52,0,,,46.1,3202
52,0,,,49.1,3206
53,1,STR,U,45.6,3214
53,1,RIP,D,48.2,3215
53,1,STR,U,49.2,3216
53,1,STR,D,55.5,3220
53,1,RIP,U,55.6,3221
53,1,RIP,D,56.3,3222
53,1,RIP,U,60.1,3224
53,1,STR,D,65.1,3230
53,2,STR,U,21.9,3209
53,2,STR,D,35.1,3212
53,2,STR,D,41.5,3213
53,2,STR,U,51.5,3217
53,2,RIP,D,63.1,3226
53,2,RIP,D,66,3231
53,2,RIP,U,70.2,3234
53,2,RIP,U,70.2,3235
53,3,STR,D,9.4,3207
53,3,STR,U,15.1,3208
53,3,STR,D,23.9,3210
53,3,STR,U,24.6,3211
53,3,RIP,D,54.5,3219
53,3,RIP,D,60.8,3225
53,3,RIP,U,64.9,3227
53,3,RIP,U,74,3241
53,4,STR,D,51.9,3218
53,4,STR,U,56.9,3223
53,4,RIP,D,71,3237
53,4,RIP,D,72.5,3238
53,4,STR,D,73.2,3239
53,4,RIP,U,73.5,3240
53,4,RIP,U,75.3,3242
53,0,,,64.9,3228
53,0,,,64.9,3229
53,0,,,67.8,3232
53,0,,,69.5,3233
53,0,,,70.6,3236
54,1,RIP,U,63.2,3255
54,1,RIP,U,63.4,3256
54,1,RIP,D,63.9,3257
54,1,RIP,D,67.2,3263
54,2,RIP,U,53.8,3247
54,2,RIP,U,60,3250
54,2,RIP,D,61.7,3252
54,2,RIP,D,65.8,3261
54,3,STR,U,1.2,3243
54,3,STR,D,1.6,3244
54,3,STR,U,4.6,3245
54,3,STR,D,9,3246
54,3,RIP,U,59.8,3249
54,3,RIP,D,64.3,3258
54,3,RIP,D,64.5,3259
54,3,RIP,U,65.8,3262
54,4,RIP,U,57,3248
54,4,RIP,D,61.4,3251
54,4,RIP,D,61.8,3253
54,4,RIP,U,62.4,3254
54,0,,,64.9,3260
54,0,,,67.6,3264
54,0,,,70.2,3265
54,0,,,71.6,3266
54,0,,,75.6,3267
55,1,STR,D,10.7,3299
55,1,STR,U,12.4,3300
55,1,STR,U,14.8,3301
55,1,STR,D,34.1,3304
55,1,RIP,D,34.8,3305
55,1,RIP,D,47.9,3314
55,2,RIP,D,24.9,3302
55,2,RIP,U,36.3,3306
55,2,RIP,D,41.1,3309
55,2,RIP,U,49.9,3316
55,2,STR,U,50.1,3317
55,2,STR,D,51.9,3318
55,2,STR,D,52.2,3319
55,2,STR,U,59,3320
55,3,RIP,U,31.2,3303
55,3,RIP,D,37.3,3307
55,3,RIP,U,45.2,3310
55,3,RIP,D,45.4,3311
55,4,RIP,D,40.1,3308
55,4,RIP,D,46.9,3312
55,4,RIP,U,47.4,3313
55,4,RIP,U,49.7,3315
55,0,,,71.2,3321
55,0,,,74.8,3322
55,0,,,75.1,3323
55,0,,,77.6,3324
55,0,,,77.8,3325
56,1,RIP,U,46.3,3367
56,1,RIP,U,51.3,3371
56,1,STR,U,59.5,3374
56,1,RIP,D,60,3376
56,1,STR,U,60.5,3377
56,1,STR,D,62.7,3378
56,1,RIP,D,65.8,3382
56,1,STR,D,70.1,3384
56,2,RIP,D,30.5,3365
56,2,RIP,D,51.3,3372
56,2,STR,U,55.5,3373
56,2,STR,D,62.8,3379
56,2,STR,D,71.4,3386
56,2,STR,U,71.7,3388
56,2,RIP,U,73,3391
56,2,RIP,U,76.1,3397
56,3,RIP,D,10.3,3363
56,3,STR,D,43.9,3366
56,3,STR,U,46.5,3368
56,3,STR,D,51.1,3369
56,3,RIP,U,51.2,3370
56,3,STR,U,59.8,3375
56,3,RIP,D,71.6,3387
56,3,RIP,U,74.9,3393
56,4,RIP,D,63.4,3380
56,4,STR,U,63.8,3381
56,4,STR,D,68.1,3383
56,4,RIP,U,72.4,3389
56,4,STR,U,72.5,3390
56,4,RIP,D,73,3392
56,4,RIP,U,76,3396
56,4,STR,D,77.2,3398
57,1,STR,D,4.1,3497
57,1,STR,U,6.5,3499
57,1,STR,U,15.1,3503
57,1,STR,D,19.4,3507
57,1,RIP,U,68.3,3578
57,1,RIP,D,68.6,3580
57,1,RIP,U,69,3583
57,1,RIP,D,71.1,3592
57,2,STR,D,4.6,3498
57,2,STR,D,9.9,3501
57,2,STR,U,14.3,3502
57,2,RIP,D,69.4,3586
57,2,RIP,U,70.7,3590
57,2,RIP,U,71,3591
57,2,RIP,D,79.7,3606
57,3,STR,D,30,3513
57,3,STR,U,35.5,3517
57,3,STR,D,39,3522
57,3,STR,U,44.8,3526
57,3,RIP,D,64.3,3558
57,3,RIP,D,65.4,3562
57,3,RIP,U,68,3577
57,3,RIP,U,69.2,3584
57,4,STR,U,38.2,3521
57,4,STR,D,42.2,3523
57,4,STR,U,44.2,3525
57,4,STR,D,49.6,3534
57,4,RIP,D,65.6,3564
57,4,RIP,U,71.8,3596
57,4,RIP,D,73.1,3600
57,4,RIP,U,78.3,3604
57,5,STR,D,15.3,3504
57,5,STR,D,26.6,3511
57,5,STR,U,43.5,3524
57,5,STR,U,45.8,3530
57,5,RIP,D,68.6,3581
57,5,RIP,D,72.4,3597
57,5,RIP,U,75.1,3601
57,5,RIP,U,78.9,3605
57,6,STR,U,17.8,3506
57,6,STR,D,26.6,3512
57,6,STR,D,35,3516
57,6,RIP,D,44.9,3527
57,6,STR,U,46.6,3532
57,6,RIP,U,62.5,3550
57,6,RIP,U,69.3,3585
57,6,RIP,D,71.3,3593
57,7,STR,D,62.1,3547
57,7,STR,D,64.6,3559
57,7,STR,U,65.6,3565
57,7,STR,U,67.2,3571
57,7,RIP,D,67.4,3572
57,7,RIP,U,67.5,3573
57,7,RIP,D,67.6,3575
57,7,RIP,U,70.4,3587
57,8,STR,U,20.4,3508
57,8,STR,D,24.3,3510
57,8,STR,U,32.8,3515
57,8,STR,D,35.5,3518
57,8,RIP,U,59.3,3543
57,8,RIP,D,62.8,3552
57,8,RIP,D,65.7,3566
57,8,RIP,U,68.3,3579
57,9,STR,D,50,3535
57,9,STR,U,54,3538
57,9,STR,D,54.3,3539
57,9,STR,U,57.2,3541
57,9,RIP,D,62.2,3548
57,9,RIP,D,62.3,3549
57,9,RIP,U,63.7,3556
57,9,RIP,U,65,3560
57,10,STR,D,16.5,3505
57,10,STR,D,22.2,3509
57,10,STR,U,32.5,3514
57,10,STR,U,37.2,3520
57,10,RIP,D,58.1,3542
57,10,RIP,D,62.5,3551
57,10,RIP,U,62.8,3553
57,10,RIP,U,66.6,3570
57,11,STR,D,37.1,3519
57,11,STR,U,45.4,3528
57,11,RIP,U,45.7,3529
57,11,STR,U,46.3,3531
57,11,STR,D,46.7,3533
57,11,RIP,D,55.7,3540
57,11,RIP,D,61.3,3546
57,11,RIP,U,71.7,3595
57,12,STR,U,50.4,3536
57,12,STR,U,52.1,3537
57,12,RIP,D,59.9,3544
57,12,STR,D,60.2,3545
57,12,RIP,U,63,3554
57,12,RIP,U,63.2,3555
57,12,STR,D,64.1,3557
57,12,RIP,D,66.1,3567
57,0,,,6.9,3500
57,0,,,65.3,3561
57,0,,,65.5,3563
57,0,,,66.1,3568
57,0,,,66.1,3569
57,0,,,67.5,3574
57,0,,,67.9,3576
57,0,,,68.8,3582
57,0,,,70.4,3588
57,0,,,70.6,3589
57,0,,,71.6,3594
57,0,,,72.5,3598
57,0,,,73,3599
57,0,,,75.1,3602
57,0,,,75.5,3603
58,1,STR,D,10.5,3647
58,1,STR,D,12.8,3648
58,1,STR,U,21.2,3650
58,1,STR,U,26.9,3652
58,1,RIP,D,34.1,3663
58,1,RIP,U,34.2,3664
58,1,RIP,U,34.3,3665
58,1,RIP,D,34.9,3666
58,2,RIP,U,28.6,3653
58,2,RIP,U,28.8,3655
58,2,RIP,D,28.9,3656
58,2,RIP,D,32.1,3661
58,3,STR,D,1.8,3645
58,3,STR,D,2.2,3646
58,3,RIP,D,25.1,3651
58,3,RIP,D,30.4,3658
58,3,RIP,U,33.9,3662
58,3,RIP,U,37.7,3669
58,4,STR,D,1.1,3642
58,4,STR,D,1.5,3643
58,4,STR,U,1.6,3644
58,4,RIP,D,19.1,3649
58,4,RIP,D,28.6,3654
58,4,RIP,U,30.5,3659
58,4,RIP,U,30.6,3660
59,1,STR,D,46.1,3685
59,1,STR,U,46.8,3687
59,1,STR,D,48,3691
59,1,RIP,D,48.3,3693
59,1,RIP,U,48.7,3695
59,1,STR,U,48.8,3696
59,1,RIP,U,53.9,3703
59,1,RIP,D,55.4,3705
59,2,STR,U,19.2,3671
59,2,STR,D,19.5,3672
59,2,STR,U,23.8,3673
59,2,STR,D,29.7,3676
59,2,RIP,U,44.5,3683
59,2,RIP,D,47.2,3688
59,2,RIP,D,47.4,3690
59,2,RIP,U,53.3,3701
59,3,STR,U,25.7,3674
59,3,STR,U,29.6,3675
59,3,STR,D,35.1,3677
59,3,RIP,D,44.2,3681
59,3,RIP,D,49.3,3697
59,3,RIP,U,51.5,3699
59,3,RIP,U,55.1,3704
59,4,STR,U,38.8,3678
59,4,RIP,U,40.8,3679
59,4,STR,U,42.3,3680
59,4,RIP,D,44.2,3682
59,4,STR,D,44.7,3684
59,4,RIP,U,46.1,3686
59,4,STR,D,47.2,3689
59,4,RIP,D,48.2,3692
60,1,STR,U,8,3781
60,1,STR,U,12.9,3782
60,1,STR,D,15.3,3783
60,1,STR,D,17.9,3784
60,1,RIP,U,27.4,3787
60,1,RIP,U,28.8,3789
60,1,RIP,D,38.3,3793
60,1,RIP,D,47.1,3800
60,2,STR,U,22.1,3785
60,2,STR,U,28.7,3788
60,2,STR,D,33.9,3791
60,2,STR,D,41.9,3794
60,2,RIP,U,45.5,3797
60,2,RIP,D,47,3798
60,2,RIP,U,48.8,3801
60,2,RIP,D,55.7,3807
60,3,STR,D,37.9,3792
60,3,STR,U,42.4,3795
60,3,STR,D,42.4,3796
60,3,RIP,U,47,3799
60,3,RIP,D,50.9,3802
60,3,RIP,D,51,3803
60,3,STR,U,51.6,3804
60,3,RIP,U,53.9,3806
60,4,STR,D,2.7,3777
60,4,STR,U,3,3778
60,4,STR,U,4.2,3779
60,4,STR,D,6.5,3780
60,4,RIP,D,25.7,3786
60,4,RIP,U,32.4,3790
60,4,RIP,U,51.8,3805
60,4,RIP,D,60.8,3810
61,1,RIP,U,40.4,3851
61,1,STR,U,40.7,3852
61,1,RIP,U,43,3854
61,1,STR,D,45.5,3860
61,1,STR,D,46.9,3865
61,1,RIP,D,47.1,3866
61,1,RIP,D,47.3,3867
61,1,STR,U,48.2,3871
61,2,RIP,D,40.3,3850
61,2,STR,D,46.3,3863
61,2,RIP,D,47.8,3869
61,2,STR,U,49.2,3873
61,2,STR,U,49.4,3874
61,2,RIP,U,49.5,3875
61,2,RIP,U,50.6,3877
61,2,STR,D,52,3878
61,3,STR,U,43.9,3857
61,3,STR,U,44.3,3858
61,3,STR,D,44.4,3859
61,3,RIP,D,45.7,3861
61,3,STR,D,46.2,3862
61,3,RIP,U,46.3,3864
61,3,RIP,U,47.3,3868
61,3,RIP,D,48,3870
61,4,RIP,D,41.4,3853
61,4,STR,U,43.3,3855
61,4,RIP,D,43.8,3856
61,4,STR,U,48.4,3872
61,4,RIP,U,49.7,3876
61,4,STR,D,53.6,3879
61,4,STR,D,53.8,3880
62,1,STR,U,59.3,3923
62,1,RIP,D,60.5,3926
62,1,STR,U,61.5,3927
62,1,RIP,U,64.3,3933
62,1,RIP,D,65,3937
62,1,STR,D,66.3,3940
62,1,RIP,U,68.6,3944
62,1,STR,D,68.7,3946
62,2,RIP,U,60.3,3925
62,2,STR,U,62.1,3928
62,2,RIP,D,62.5,3930
62,2,RIP,D,62.5,3931
62,2,RIP,U,62.6,3932
62,2,STR,U,67.5,3941
62,2,STR,D,68.6,3945
62,2,STR,D,70,3949
62,3,RIP,D,36.4,3919
62,3,RIP,D,56.2,3921
62,3,RIP,U,58.6,3922
62,3,STR,U,65.7,3938
62,3,RIP,U,68.1,3942
62,3,STR,D,68.1,3943
62,3,STR,D,68.8,3947
62,3,STR,U,72,3950
62,4,RIP,U,49.2,3920
62,4,STR,U,59.5,3924
62,4,STR,U,62.3,3929
62,4,STR,D,64.4,3934
62,4,STR,D,64.5,3935
62,4,RIP,D,64.9,3936
62,4,RIP,D,65.9,3939
62,4,RIP,U,69.6,3948
63,1,RIP,D,21.2,3951
63,1,STR,D,64.1,3958
63,1,RIP,U,64.2,3959
63,1,STR,U,64.3,3960
63,1,STR,U,64.3,3961
63,1,RIP,D,65.8,3963
63,1,RIP,U,67,3965
63,1,STR,D,69.6,3966
63,2,RIP,U,56.3,3952
63,2,RIP,D,60.5,3953
63,2,RIP,U,61.4,3954
63,2,STR,D,61.5,3955
63,2,STR,D,61.7,3956
63,2,STR,U,63.2,3957
63,2,RIP,D,64.4,3962
63,2,STR,U,66.9,3964
63,0,,,70.3,3967
63,0,,,73.6,3968
63,0,,,76.2,3969
63,0,,,76.4,3970
63,0,,,78,3971
63,0,,,79.2,3972
64,1,STR,U,15.7,3974
64,1,STR,D,19.3,3976
64,1,STR,D,21.4,3977
64,1,STR,U,23.9,3978
64,1,RIP,D,43.4,3984
64,1,RIP,D,56.2,3989
64,1,RIP,U,69.1,4001
64,1,RIP,U,72.5,4005
64,2,RIP,D,37.6,3980
64,2,RIP,U,38.6,3981
64,2,RIP,U,40,3982
64,2,RIP,D,51.8,3987
64,2,STR,D,54,3988
64,2,STR,U,59.3,3992
64,2,STR,U,60.5,3993
64,2,STR,D,65.2,3997
64,3,RIP,D,33.4,3979
64,3,STR,U,41.3,3983
64,3,RIP,D,47.5,3985
64,3,STR,U,49.2,3986
64,3,STR,D,56.2,3990
64,3,RIP,U,58.4,3991
64,3,RIP,U,61.6,3994
64,3,STR,D,63.4,3996
64,4,STR,D,10.6,3973
64,4,STR,D,18,3975
64,4,RIP,D,63.1,3995
64,4,RIP,U,65.4,3998
64,4,RIP,U,66.4,3999
64,4,RIP,D,68.2,4000
64,0,,,69.3,4002
64,0,,,71.9,4003
64,0,,,72,4004
64,0,,,73.1,4006
65,1,RIP,D,26.8,4014
65,1,STR,D,43.5,4017
65,1,RIP,D,44.7,4020
65,1,STR,D,45.6,4023
65,2,RIP,D,44.5,4019
65,2,RIP,U,46.3,4025
65,2,RIP,U,50.2,4030
65,2,RIP,D,51,4032
65,2,STR,U,52,4034
65,2,STR,D,53.1,4036
65,2,STR,D,54.3,4038
65,2,STR,U,55.4,4039
65,3,STR,U,2.2,4007
65,3,STR,U,12.7,4008
65,3,STR,D,17.2,4009
65,3,STR,D,28.8,4015
65,3,RIP,U,43,4016
65,3,RIP,D,46.9,4026
65,3,RIP,D,51.6,4033
65,3,RIP,U,52.7,4035
65,4,STR,U,17.2,4010
65,4,STR,D,22.1,4011
65,4,STR,U,22.5,4012
65,4,STR,D,22.8,4013
65,4,RIP,U,43.8,4018
65,4,RIP,D,44.9,4021
65,4,RIP,D,46,4024
65,4,RIP,U,50.3,4031
66,1,RIP,D,56.9,4042
66,1,RIP,D,58.1,4045
66,1,RIP,U,60.6,4051
66,1,STR,U,61.5,4055
66,1,STR,U,61.6,4057
66,1,RIP,U,62.6,4058
66,1,STR,D,63,4059
66,1,STR,D,66.3,4066
66,2,STR,D,57,4043
66,2,RIP,U,59.2,4047
66,2,STR,U,60.1,4050
66,2,STR,D,60.9,4052
66,2,RIP,D,61.4,4054
66,2,RIP,U,65.3,4064
66,2,RIP,D,67.3,4067
66,2,STR,U,70.2,4074
66,3,RIP,D,54.3,4040
66,3,RIP,D,56.8,4041
66,3,RIP,U,59.2,4048
66,3,STR,D,59.5,4049
66,3,RIP,U,63.3,4060
66,3,STR,U,64.4,4062
66,3,STR,U,67.3,4068
66,3,STR,D,75.7,4076
66,4,RIP,U,57.3,4044
66,4,STR,U,61.3,4053
66,4,RIP,D,61.5,4056
66,4,STR,D,64.4,4063
66,4,STR,D,66.1,4065
66,4,STR,U,67.9,4070
66,4,RIP,D,68,4071
66,4,RIP,U,69.6,4072
66,0,,,58.6,4046
66,0,,,63.4,4061
66,0,,,67.4,4069
66,0,,,69.7,4073
66,0,,,70.8,4075
67,1,RIP,D,15.1,4079
67,1,RIP,D,18,4080
67,1,STR,U,53,4085
67,1,STR,U,60.4,4087
67,1,RIP,U,68.6,4091
67,1,RIP,U,71.9,4093
67,2,RIP,D,8.7,4077
67,2,RIP,D,12.3,4078
67,2,RIP,U,31.3,4082
67,2,RIP,U,44.7,4084
67,3,RIP,D,31.3,4083
67,4,RIP,U,31.2,4081
67,4,RIP,U,56.9,4086
67,0,,,63.2,4088
67,0,,,66.6,4089
67,0,,,68,4090
67,0,,,70.4,4092
67,0,,,73.2,4094
68,1,STR,B,21.4,4095
68,1,STR,A,22.7,4096
68,1,STR,B,27.4,4097
68,1,STR,A,30.7,4098
68,1,RIP,A,60.6,4099
68,1,RIP,B,69.4,4100
68,1,RIP,A,74,4101
68,1,RIP,B,78.7,4102
68,2,STR,B,2.7,4103
68,2,STR,B,4.1,4104
68,2,STR,A,5,4105
68,2,STR,A,18.1,4111
68,2,RIP,A,43.9,4112
68,2,RIP,B,66.9,4115
68,2,RIP,A,74,4119
68,2,RIP,B,80.9,4125
68,3,STR,A,59.4,4113
68,3,STR,A,69.4,4116
68,3,STR,B,69.6,4117
68,3,RIP,A,72.7,4118
68,3,RIP,A,76.8,4121
68,3,RIP,B,77.5,4122
68,3,RIP,B,78.7,4123
68,3,STR,B,80,4124
68,4,STR,B,8.8,4106
68,4,STR,A,9.5,4107
68,4,STR,A,12.2,4108
68,4,STR,B,17.1,4109
68,4,RIP,B,18.1,4110
68,4,RIP,A,62.6,4114
68,4,RIP,B,74.1,4120
69,1,STR,D,45.1,4130
69,1,STR,D,46.3,4131
69,1,RIP,D,56,4132
69,1,STR,U,57.7,4134
69,1,RIP,U,58.5,4137
69,1,STR,U,65,4150
69,1,RIP,D,65.5,4152
69,1,RIP,U,66.2,4156
69,2,RIP,U,58.1,4135
69,2,RIP,D,58.4,4136
69,2,STR,D,59.9,4138
69,2,STR,U,60.8,4140
69,2,STR,D,62,4145
69,2,RIP,D,66,4154
69,2,STR,U,67.5,4158
69,2,RIP,U,70,4161
69,3,RIP,D,61.2,4143
69,3,STR,D,62.9,4146
69,3,STR,D,63.3,4147
69,3,RIP,U,64.5,4148
69,3,RIP,D,64.9,4149
69,3,RIP,U,65.4,4151
69,3,STR,U,66.2,4157
69,3,STR,U,68.8,4159
69,4,STR,U,26.8,4126
69,4,STR,D,28.2,4127
69,4,STR,U,28.6,4128
69,4,STR,D,28.8,4129
69,4,RIP,D,57.6,4133
69,4,RIP,U,60.8,4141
69,4,RIP,D,60.9,4142
69,4,RIP,U,61.9,4144
69,0,,,60,4139
69,0,,,65.9,4153
69,0,,,66.1,4155
69,0,,,68.9,4160
69,0,,,70.5,4162
70,1,STR,D,14.7,4165
70,1,STR,D,16.9,4167
70,1,STR,U,20,4169
70,1,STR,U,27.9,4173
70,1,RIP,D,45.2,4185
70,1,RIP,D,46.7,4187
70,1,RIP,U,48.2,4192
70,1,RIP,U,48.9,4193
70,2,STR,U,25.4,4171
70,2,STR,U,29,4174
70,2,STR,D,30,4175
70,2,STR,D,31.9,4176
70,2,RIP,U,43,4182
70,2,RIP,D,44.2,4184
70,2,RIP,D,47.2,4188
70,2,RIP,U,48.1,4191
70,3,STR,D,16.2,4166
70,3,STR,U,17.2,4168
70,3,STR,U,22,4170
70,3,STR,D,25.5,4172
70,3,RIP,U,38.5,4179
70,3,RIP,U,42.9,4181
70,3,RIP,D,44.1,4183
70,3,RIP,D,47.5,4189
70,4,STR,U,4.1,4163
70,4,STR,U,9.3,4164
70,4,RIP,U,36.1,4177
70,4,RIP,U,37,4178
70,4,RIP,D,42.5,4180
70,4,RIP,D,47.6,4190
71,1,STR,D,16.5,4202
71,1,STR,D,20.3,4206
71,1,RIP,D,36.6,4215
71,1,STR,U,47.5,4220
71,1,RIP,D,47.7,4221
71,1,STR,U,53.1,4222
71,1,RIP,U,60.3,4226
71,1,RIP,U,73.5,4235
71,2,STR,U,19.7,4205
71,2,STR,U,23.8,4209
71,2,STR,D,34.1,4211
71,2,RIP,U,35.1,4212
71,2,STR,D,36.3,4214
71,2,RIP,D,38.7,4216
71,2,RIP,D,45.5,4219
71,2,RIP,U,53.8,4223
71,3,STR,U,7.8,4198
71,3,STR,U,14.9,4201
71,3,STR,D,18.1,4203
71,3,STR,D,18.6,4204
71,3,RIP,D,55,4224
71,3,RIP,U,55.8,4225
71,3,RIP,U,62.9,4227
71,3,RIP,D,69.1,4233
71,4,STR,U,11.8,4199
71,4,STR,U,12.2,4200
71,4,RIP,U,22.3,4207
71,4,RIP,U,23.1,4208
71,4,STR,D,28.7,4210
71,4,RIP,D,36.1,4213
71,4,RIP,D,38.9,4217
71,4,STR,D,40.9,4218
71,0,,,64.1,4228
71,0,,,66.5,4229
71,0,,,67,4230
71,0,,,67.4,4231
71,0,,,67.8,4232
71,0,,,70.7,4234
72,1,STR,D,1.8,4275
72,1,STR,U,2.9,4277
72,1,STR,U,3,4278
72,1,STR,D,3.2,4279
72,1,RIP,U,57.5,4321
72,1,RIP,U,57.5,4322
72,1,RIP,D,59.4,4325
72,1,RIP,D,65,4334
72,2,STR,U,15.6,4288
72,2,STR,U,20,4291
72,2,STR,D,23.2,4298
72,2,STR,D,25.7,4301
72,2,RIP,U,32.2,4305
72,2,RIP,U,56.1,4317
72,2,RIP,D,57.2,4320
72,2,RIP,D,64.4,4332
72,3,STR,U,11,4283
72,3,STR,U,15.8,4289
72,3,STR,D,25.8,4302
72,3,STR,D,40.4,4308
72,3,RIP,U,49.9,4311
72,3,RIP,U,58.5,4323
72,3,RIP,D,60,4326
72,3,RIP,D,63.2,4331
72,4,STR,U,1.1,4273
72,4,STR,D,1.7,4274
72,4,STR,D,1.9,4276
72,4,RIP,D,62.5,4329
72,4,RIP,D,66,4336
72,5,STR,U,8,4281
72,5,STR,U,11.4,4285
72,5,RIP,U,31.9,4304
72,5,RIP,U,53.4,4314
72,5,RIP,D,56.8,4318
72,5,RIP,D,61.6,4328
72,6,STR,D,7.6,4280
72,6,STR,U,9.3,4282
72,6,STR,U,11.6,4286
72,6,STR,D,15.1,4287
72,6,RIP,U,20.4,4293
72,6,RIP,U,50.2,4312
72,6,RIP,D,51.9,4313
72,6,RIP,D,65.7,4335
72,7,STR,D,22.2,4297
72,7,STR,D,25.2,4300
72,7,STR,U,40.3,4307
72,7,STR,U,40.5,4309
72,7,RIP,D,48.7,4310
72,7,RIP,D,55,4316
72,7,RIP,U,57,4319
72,7,RIP,U,62.7,4330
72,8,STR,U,18.2,4290
72,8,STR,U,20.4,4294
72,8,STR,D,21.3,4295
72,8,STR,D,30.7,4303
72,8,RIP,D,54,4315
72,8,RIP,U,59.3,4324
72,8,RIP,D,66.1,4337
72,8,RIP,U,67.1,4339
72,9,STR,D,11.1,4284
72,9,STR,D,20,4292
72,9,STR,U,21.3,4296
72,9,STR,U,23.6,4299
72,9,RIP,U,38.4,4306
72,9,RIP,D,60.1,4327
72,9,RIP,U,64.4,4333
72,9,RIP,D,66.7,4338
73,1,STR,D,9.5,4344
73,1,STR,U,14.8,4349
73,1,STR,D,15.4,4350
73,1,STR,U,17.7,4351
73,1,RIP,U,26.5,4353
73,1,RIP,U,30.9,4355
73,1,RIP,D,39.9,4361
73,1,RIP,D,44,4364
73,2,STR,D,7.4,4342
73,2,STR,D,10.4,4345
73,2,STR,U,14.3,4347
73,2,STR,U,14.7,4348
73,2,RIP,D,34.2,4356
73,2,RIP,U,37.6,4358
73,2,RIP,D,38,4359
73,2,RIP,U,46,4367
73,3,STR,U,2,4340
73,3,STR,U,2.8,4341
73,3,STR,D,8,4343
73,3,STR,D,11.6,4346
73,3,RIP,D,24.9,4352
73,3,RIP,U,36.5,4357
73,3,RIP,D,45.7,4366
73,3,RIP,U,49,4370
73,4,STR,U,28.7,4354
73,4,RIP,D,38.5,4360
73,4,RIP,U,45.5,4365
73,4,RIP,U,47.1,4368
73,4,RIP,D,52.2,4373
73,4,STR,D,53.2,4374
73,4,STR,D,54.6,4375
73,4,STR,U,68.7,4376
74,1,RIP,U,3.1,4417
74,1,STR,U,4.3,4419
74,1,RIP,U,5.6,4423
74,1,STR,D,12.3,4429
74,1,RIP,D,16,4430
74,1,STR,D,20.1,4434
74,1,RIP,D,24.6,4436
74,2,STR,D,3,4416
74,2,RIP,D,10.3,4427
74,2,RIP,D,18.2,4431
74,2,RIP,U,18.7,4432
74,2,RIP,U,19.2,4433
74,3,STR,U,0.4,4414
74,3,STR,U,3.5,4418
74,3,STR,D,4.3,4420
74,3,RIP,U,5.8,4424
74,3,RIP,U,7.2,4425
74,3,RIP,D,8.5,4426
74,3,STR,D,11.2,4428
74,3,RIP,D,23.4,4435
74,4,STR,U,2.7,4415
74,4,STR,U,4.8,4421
74,4,STR,D,5,4422
74,4,RIP,U,25,4437
74,4,RIP,D,26.9,4438
74,4,RIP,U,28.4,4439
74,4,RIP,D,28.4,4440
74,0,,,64.9,4441
74,0,,,65.5,4442
74,0,,,70.9,4443
74,0,,,72.9,4444
74,0,,,75.9,4445
75,1,STR,U,9.7,4446
75,1,STR,D,9.7,4447
75,1,STR,U,10.5,4448
75,1,STR,D,12.1,4449
75,1,RIP,U,46.5,4463
75,1,RIP,U,49.5,4471
75,1,RIP,D,53.7,4479
75,1,RIP,D,56.6,4481
75,2,STR,D,30.1,4450
75,2,STR,D,36.7,4451
75,2,STR,U,41.8,4455
75,2,RIP,U,45.7,4461
75,2,RIP,D,46.8,4465
75,2,STR,U,48.7,4467
75,2,RIP,D,49.8,4472
75,2,RIP,U,51.4,4475
75,3,STR,D,38.8,4453
75,3,RIP,U,40.2,4454
75,3,STR,D,43.5,4457
75,3,RIP,D,46.7,4464
75,3,STR,U,49,4468
75,3,RIP,U,49.1,4469
75,3,STR,U,51.7,4478
75,4,STR,D,37.2,4452
75,4,RIP,D,42.9,4456
75,4,STR,U,43.9,4458
75,4,RIP,U,44.7,4459
75,4,STR,D,45,4460
75,4,RIP,U,49.4,4470
75,4,RIP,D,51.4,4476
75,4,STR,U,51.4,4477
76,1,STR,U,16,4486
76,1,STR,U,23,4487
76,1,STR,D,25,4488
76,1,STR,D,26.6,4491
76,1,RIP,D,42.1,4496
76,1,RIP,U,44.6,4504
76,1,RIP,D,45.2,4507
76,1,RIP,U,47.2,4509
76,2,STR,U,26.3,4489
76,2,STR,D,26.3,4490
76,2,RIP,U,43.3,4499
76,2,STR,U,43.9,4500
76,2,STR,D,43.9,4501
76,2,RIP,D,44,4503
76,2,RIP,U,48,4512
76,2,RIP,D,48,4513
76,3,STR,U,2.1,4482
76,3,STR,U,2.8,4483
76,3,STR,D,6.3,4484
76,3,STR,D,6.4,4485
76,3,RIP,U,40.9,4495
76,3,RIP,U,47.7,4511
76,3,RIP,D,48.1,4514
76,3,RIP,D,50.3,4517
76,4,STR,U,36.1,4492
76,4,RIP,U,39.7,4493
76,4,STR,D,40.3,4494
76,4,STR,U,42.5,4497
76,4,STR,D,44.7,4505
76,4,RIP,D,49.2,4515
76,4,RIP,D,50.1,4516
76,4,RIP,U,50.4,4518
77,1,STR,U,1.1,4593
77,1,STR,U,3.3,4594
77,1,STR,D,17,4595
77,1,STR,D,19.6,4597
77,1,RIP,U,42.4,4601
77,1,RIP,U,45.4,4603
77,1,RIP,D,47.6,4606
77,1,RIP,D,52,4609
77,2,STR,U,46.2,4605
77,2,STR,D,52.3,4610
77,2,STR,D,53.8,4612
77,2,STR,U,58.8,4614
77,2,RIP,D,59.3,4615
77,2,RIP,D,59.4,4616
77,2,RIP,U,63,4621
77,2,RIP,U,64.1,4622
77,3,STR,D,36,4599
77,3,STR,D,48.8,4607
77,3,STR,U,49.1,4608
77,3,STR,U,53.3,4611
77,3,RIP,U,60.3,4617
77,3,RIP,U,62.1,4619
77,3,RIP,D,64.3,4623
77,3,RIP,D,64.5,4624
77,4,STR,U,17.8,4596
77,4,STR,U,24.5,4598
77,4,STR,D,36.3,4600
77,4,RIP,D,43.2,4602
77,4,STR,D,45.9,4604
77,4,RIP,D,57.8,4613
77,4,RIP,U,61.8,4618
77,4,RIP,U,62.2,4620
77,0,,,71.4,4625
77,0,,,73.7,4626
77,0,,,73.8,4627
77,0,,,76.6,4628
77,0,,,79.5,4629
78,1,STR,U,10.6,4631
78,1,STR,U,20.7,4634
78,1,STR,D,28.9,4638
78,1,STR,D,31.6,4639
78,1,RIP,D,33.2,4641
78,1,RIP,D,45.3,4648
78,1,RIP,U,54.7,4656
78,2,RIP,U,12,4633
78,2,RIP,D,34.8,4642
78,2,STR,D,44,4646
78,2,RIP,D,44.4,4647
78,2,STR,U,49.8,4653
78,2,STR,U,50.3,4655
78,2,RIP,U,55.3,4657
78,2,STR,D,56.3,4658
78,3,STR,D,9.7,4630
78,3,STR,D,11.2,4632
78,3,STR,U,21.2,4635
78,3,STR,U,21.9,4636
78,3,RIP,U,28.1,4637
78,3,RIP,U,38.7,4643
78,3,RIP,D,39.3,4644
78,3,RIP,D,47.2,4651
78,4,RIP,D,32.1,4640
78,4,STR,D,41,4645
78,4,STR,D,45.5,4649
78,4,RIP,U,46.5,4650
78,4,RIP,D,47.4,4652
78,4,RIP,U,49.8,4654
78,0,,,56.3,4659
78,0,,,61.2,4660
78,0,,,62.8,4661
78,0,,,65.9,4662
78,0,,,66,4663
79,1,STR,U,4,4690
79,1,STR,U,5,4691
79,1,STR,D,5.7,4692
79,1,STR,D,6.8,4694
79,1,RIP,U,53.6,4699
79,1,RIP,D,58,4704
79,1,RIP,D,64.8,4712
79,1,RIP,U,66.9,4719
79,2,STR,D,5.8,4693
79,2,STR,U,10.2,4695
79,2,STR,U,16.2,4696
79,2,STR,D,26,4697
79,2,RIP,D,54.3,4700
79,2,RIP,D,61.2,4708
79,2,RIP,U,62.2,4709
79,2,RIP,U,65.6,4717
79,3,STR,D,57.7,4702
79,3,STR,D,57.8,4703
79,3,RIP,U,65.2,4715
79,3,RIP,D,65.5,4716
79,3,RIP,D,67.2,4720
79,3,RIP,U,68.7,4722
79,4,RIP,U,52.5,4698
79,4,STR,D,54.4,4701
79,4,RIP,D,60.2,4705
79,4,STR,D,60.6,4706
79,4,RIP,D,60.7,4707
79,4,STR,U,62.8,4710
79,4,STR,U,64.5,4711
79,0,,,65,4713
79,0,,,65.1,4714
79,0,,,66.3,4718
79,0,,,67.6,4721
80,1,RIP,U,16.4,4724
80,1,RIP,U,21.7,4725
80,1,STR,U,39.2,4739
80,1,STR,U,46.8,4741
80,1,STR,D,48.1,4743
80,1,RIP,D,48.3,4744
80,1,STR,D,49.2,4745
80,1,RIP,D,59,4752
80,2,STR,D,30.8,4728
80,2,STR,D,36.4,4735
80,2,STR,U,36.5,4736
80,2,STR,U,45.6,4740
80,2,RIP,D,47.1,4742
80,2,RIP,U,56.5,4751
80,2,RIP,U,60.3,4754
80,2,RIP,D,60.5,4755
80,3,STR,D,27.9,4726
80,3,STR,U,30.4,4727
80,3,STR,U,32.4,4730
80,3,STR,D,34.2,4731
80,3,RIP,D,39.1,4738
80,3,RIP,U,54.3,4747
80,3,RIP,U,55.3,4748
80,3,RIP,D,55.4,4749
80,4,STR,D,32.1,4729
80,4,STR,U,34.5,4732
80,4,STR,D,35.5,4733
80,4,STR,U,35.6,4734
80,4,RIP,U,38.8,4737
80,4,RIP,D,53.3,4746
80,4,RIP,D,60.1,4753
80,4,RIP,U,62,4758
80,0,,,55.9,4750
80,0,,,61.5,4756
80,0,,,61.7,4757
80,0,,,63.2,4759
80,0,,,66.3,4760
81,1,STR,D,32.9,4773
81,1,STR,D,39.4,4774
81,1,STR,U,51.8,4777
81,1,STR,U,54.1,4778
81,1,RIP,D,57.3,4781
81,1,RIP,U,62.5,4786
81,1,RIP,D,64.8,4793
81,1,RIP,U,65.4,4795
81,2,STR,D,2.4,4761
81,2,STR,U,4.9,4763
81,2,STR,D,7.4,4765
81,2,STR,U,15.6,4768
81,2,RIP,U,57,4780
81,2,RIP,D,61.7,4784
81,2,RIP,D,62.3,4785
81,2,RIP,U,70.5,4797
81,3,STR,U,5.7,4764
81,3,STR,D,11.7,4766
81,3,STR,U,15,4767
81,3,STR,D,17.5,4769
81,3,RIP,D,48,4776
81,3,RIP,U,54.2,4779
81,3,RIP,D,60.4,4783
81,3,RIP,U,63.1,4787
81,4,STR,D,2.6,4762
81,4,STR,U,26.5,4770
81,4,STR,U,31.6,4771
81,4,RIP,D,32.4,4772
81,4,STR,D,41.2,4775
81,4,RIP,D,59.1,4782
81,4,RIP,U,63.3,4789
81,4,RIP,U,63.5,4791
81,0,,,63.2,4788
81,0,,,63.3,4790
81,0,,,64.5,4792
81,0,,,65,4794
81,0,,,69.1,4796
82,1,RIP,U,3.5,109
82,1,STR,D,4.6,111
82,1,RIP,U,12.3,118
82,1,RIP,D,51.7,130
82,1,STR,D,55.2,132
82,1,RIP,D,57,133
82,1,STR,U,64.7,135
82,1,STR,U,68.2,137
82,2,RIP,U,0.6,106
82,2,RIP,U,2.3,108
82,2,RIP,D,5.9,113
82,2,STR,D,17,120
82,2,STR,U,17.1,121
82,2,STR,D,20.3,122
82,2,STR,U,22,124
82,3,RIP,D,3.5,110
82,3,RIP,D,5,112
82,3,STR,D,7.6,115
82,3,STR,U,21.8,123
82,3,STR,D,25.2,126
82,3,STR,U,30.1,127
82,3,RIP,U,34,128
82,3,RIP,U,72.6,140
82,4,RIP,D,2.1,107
82,4,RIP,D,7.5,114
82,4,STR,D,7.7,116
82,4,STR,D,9.4,117
82,4,STR,U,12.8,119
82,4,RIP,U,22.5,125
82,4,RIP,U,34.9,129
82,4,STR,U,54,131
82,0,,,61.6,134
82,0,,,67.5,136
82,0,,,69.4,138
82,0,,,71.8,139
82,0,,,76.8,141
83,1,STR,D,38.9,219
83,1,RIP,U,39.6,221
83,1,STR,U,41.1,224
83,1,STR,D,42.7,232
83,1,STR,U,43.9,236
83,1,RIP,D,45.2,240
83,1,RIP,D,45.8,245
83,1,RIP,U,47,248
83,2,RIP,U,38.4,218
83,2,STR,U,40.8,223
83,2,STR,U,41.5,225
83,2,RIP,U,42.1,227
83,2,RIP,D,42.8,233
83,2,STR,D,44.5,238
83,2,RIP,D,44.8,239
83,2,STR,D,45.3,241
83,3,RIP,D,31.9,214
83,3,RIP,U,32.8,215
83,3,STR,U,35.2,216
83,3,RIP,U,37.2,217
83,3,STR,D,42.3,228
83,3,STR,D,42.3,229
83,3,RIP,D,42.8,234
83,4,RIP,U,39.5,220
83,4,RIP,D,40.2,222
83,4,RIP,D,41.8,226
83,4,STR,U,42.5,231
83,4,RIP,U,42.8,235
83,4,STR,D,44.1,237
83,4,STR,D,45.5,244
83,4,STR,U,46.1,246
84,1,STR,U,37.1,909
84,1,STR,D,37.9,912
84,1,STR,D,43.9,919
84,1,RIP,U,44.5,921
84,1,RIP,U,46.9,927
84,1,STR,U,48.9,929
84,1,RIP,D,49.4,930
84,1,RIP,D,52.8,934
84,2,STR,D,1.2,901
84,2,STR,D,5.7,902
84,2,STR,U,6.4,903
84,2,RIP,U,42,914
84,2,RIP,U,47.5,928
84,3,STR,U,22.3,904
84,3,RIP,D,24.3,905
84,3,STR,D,32.9,906
84,3,STR,D,34.1,907
84,3,RIP,U,35.3,908
84,3,RIP,D,42.7,915
84,3,RIP,U,43.5,918
84,3,STR,U,45,923
84,4,STR,U,37.2,910
84,4,RIP,D,37.7,911
84,4,RIP,U,41.1,913
84,4,STR,D,43.3,917
84,4,RIP,D,44,920
84,4,STR,D,44.7,922
84,4,STR,U,45.6,924
84,4,RIP,U,46.3,926
85,2,STR,U,7.1,944
85,2,STR,D,8.4,946
85,2,STR,D,9.6,947
85,2,STR,U,10.3,948
85,2,RIP,U,11.5,949
85,2,RIP,D,13.2,954
85,2,RIP,D,17.7,959
85,2,RIP,U,24.6,964
85,3,STR,D,3.5,936
85,3,STR,D,4.2,938
85,3,STR,U,8,945
85,3,STR,U,11.7,950
85,3,RIP,U,30.9,966
85,3,RIP,U,47.5,969
85,3,RIP,D,55.9,974
85,3,RIP,D,68.8,983
85,4,RIP,D,3.2,935
85,4,RIP,D,5.1,939
85,4,RIP,U,14.1,955
85,4,RIP,U,53.1,973
85,5,RIP,U,5.5,940
85,5,STR,D,15.2,957
85,5,STR,U,16.1,958
85,5,RIP,U,19.2,960
85,5,STR,U,22.2,962
85,5,STR,D,25,965
85,5,RIP,D,43.8,967
85,5,RIP,D,52.7,972
85,6,STR,D,11.9,951
85,6,STR,U,13,953
85,6,STR,D,14.3,956
85,6,STR,U,20.1,961
85,6,RIP,D,58.6,976
85,6,RIP,U,64.3,979
85,6,RIP,D,68.3,981
85,6,RIP,U,70.1,984
85,7,STR,D,44.5,968
85,7,STR,U,48.4,970
85,7,STR,U,52.2,971
85,7,RIP,D,57.3,975
85,7,STR,D,59,977
85,7,RIP,U,65.4,980
85,7,RIP,U,71.2,985
85,7,RIP,D,73.9,986
85,8,STR,U,3.6,937
85,8,STR,D,5.8,941
85,8,STR,D,5.9,942
85,8,STR,U,6,943
85,8,RIP,U,12.6,952
85,8,RIP,U,23.4,963
85,8,RIP,D,60.8,978
85,8,RIP,D,68.4,982
86,1,STR,U,31.9,994
86,1,RIP,D,36,997
86,1,STR,U,37.1,998
86,1,RIP,D,45,999
86,1,STR,D,55.1,1006
86,1,RIP,U,55.4,1007
86,1,RIP,U,59.2,1013
86,1,STR,D,66.6,1019
86,2,STR,U,32.4,995
86,2,STR,U,33.4,996
86,2,STR,D,52.9,1003
86,2,RIP,D,53.8,1005
86,2,STR,D,55.8,1008
86,2,RIP,U,57.6,1011
86,2,RIP,D,59.1,1012
86,2,RIP,U,64.3,1016
86,3,STR,U,7.3,988
86,3,STR,D,8.4,991
86,3,STR,U,8.9,992
86,3,STR,D,15.9,993
86,3,RIP,D,45.2,1000
86,3,RIP,U,48,1002
86,3,RIP,D,56.1,1009
86,3,RIP,U,56.9,1010
86,4,STR,U,4.4,987
86,4,STR,D,7.8,989
86,4,STR,U,7.9,990
86,4,RIP,U,47.5,1001
86,4,RIP,U,53.5,1004
86,4,RIP,D,59.7,1014
86,0,,,62.7,1015
86,0,,,64.3,1017
86,0,,,66,1018
86,0,,,67.1,1020
86,0,,,69.7,1021
87,1,STR,D,1.1,1092
87,1,STR,U,1.2,1093
87,1,STR,D,1.3,1094
87,1,STR,U,2.8,1101
87,1,RIP,D,8.8,1110
87,1,RIP,D,17.3,1115
87,1,RIP,U,44.8,1118
87,1,RIP,U,45.2,1119
87,2,RIP,D,1.6,1095
87,2,RIP,D,1.8,1096
87,2,STR,D,1.9,1097
87,2,STR,D,2.6,1100
87,2,RIP,U,8.8,1111
87,2,RIP,U,12.1,1113
87,3,STR,U,1.9,1098
87,3,STR,U,1.9,1099
87,3,STR,D,2.8,1102
87,3,STR,D,3.1,1104
87,3,RIP,U,9.7,1112
87,3,RIP,U,12.5,1114
87,3,RIP,D,27.4,1116
87,3,RIP,D,33.3,1117
87,4,STR,U,2.9,1103
87,4,STR,D,3.6,1105
87,4,STR,D,4.7,1106
87,4,RIP,D,5.2,1107
87,4,STR,U,5.5,1108
87,4,RIP,D,7.1,1109
87,0,,,61.3,1120
87,0,,,63.4,1121
87,0,,,63.7,1122
87,0,,,69,1123
87,0,,,69.5,1124
88,1,STR,U,56.9,1212
88,1,STR,U,60,1214
88,1,RIP,D,60.1,1215
88,1,STR,D,62,1220
88,1,STR,D,62.5,1221
88,1,RIP,U,62.6,1222
88,1,RIP,D,64.4,1228
88,1,RIP,U,66.6,1233
88,2,STR,U,6.1,1199
88,2,STR,U,9.4,1201
88,2,STR,D,9.5,1202
88,2,STR,D,10.7,1203
88,2,RIP,D,25.7,1210
88,2,RIP,D,60.2,1216
88,2,RIP,U,62.8,1223
88,2,RIP,U,65.6,1231
88,3,STR,D,7.4,1200
88,3,STR,D,10.9,1204
88,3,STR,U,12.8,1205
88,3,STR,U,18.4,1206
88,3,RIP,U,59.3,1213
88,3,RIP,U,63.4,1225
88,3,RIP,D,65.9,1232
88,3,RIP,D,67.1,1234
88,4,STR,D,23.2,1207
88,4,STR,U,23.7,1208
88,4,STR,D,24,1209
88,4,STR,U,28.2,1211
88,4,RIP,U,60.3,1217
88,4,RIP,D,61.3,1218
88,4,RIP,D,61.4,1219
88,4,RIP,U,64.2,1227
88,0,,,63.3,1224
88,0,,,64.1,1226
88,0,,,65.1,1229
88,0,,,65.5,1230
88,0,,,69.6,1235
89,1,STR,U,36.8,1243
89,1,STR,U,44.4,1247
89,1,STR,D,44.7,1248
89,1,STR,D,47.2,1250
89,1,RIP,D,62.6,1259
89,1,RIP,D,64,1261
89,1,RIP,U,64.8,1264
89,1,RIP,U,68.1,1266
89,2,STR,U,24.1,1236
89,2,STR,D,32.3,1238
89,2,STR,U,33.4,1239
89,2,STR,D,35,1241
89,2,RIP,U,47.1,1249
89,2,RIP,D,55.8,1253
89,2,RIP,U,59,1255
89,2,RIP,D,62.4,1258
89,3,STR,D,30.1,1237
89,3,STR,D,36.3,1242
89,3,RIP,D,47.5,1251
89,3,RIP,D,55.8,1254
89,3,RIP,U,61.6,1257
89,3,RIP,U,64.5,1263
89,4,STR,D,33.9,1240
89,4,STR,D,37.8,1244
89,4,STR,U,39.8,1245
89,4,STR,U,42.6,1246
89,4,RIP,D,52.4,1252
89,4,RIP,D,59.4,1256
89,4,RIP,U,64.4,1262
89,4,RIP,U,64.8,1265
89,0,,,63.4,1260
89,0,,,68.3,1267
89,0,,,68.9,1268
89,0,,,69.1,1269
89,0,,,71.7,1270
90,1,RIP,D,23.8,1937
90,1,RIP,D,26.6,1938
90,1,STR,D,27.3,1939
90,1,RIP,U,31,1940
90,1,STR,D,32.5,1941
90,1,STR,U,34.2,1943
90,1,STR,U,34.9,1944
90,1,RIP,U,38.4,1947
90,2,RIP,U,13.2,1930
90,2,RIP,U,16.7,1933
90,2,STR,D,17.4,1934
90,2,RIP,D,18,1935
90,2,STR,D,32.7,1942
90,2,STR,U,35,1945
90,2,STR,U,35.4,1946
90,2,RIP,D,40.1,1948
90,3,RIP,D,2.5,1925
90,3,RIP,D,2.7,1926
90,3,STR,D,4.6,1927
90,3,STR,D,6.7,1928
90,3,STR,U,10.5,1929
90,3,STR,U,15.1,1931
90,3,RIP,U,16.6,1932
90,3,RIP,U,20.7,1936
90,4,STR,D,45.1,1949
90,4,RIP,D,47.9,1950
90,4,STR,U,49.3,1951
90,4,RIP,U,49.5,1952
90,4,STR,D,50.8,1953
90,4,STR,U,52.7,1954
90,4,RIP,U,56.8,1955
90,4,RIP,D,58.6,1957
90,0,,,58.5,1956
90,0,,,59.9,1958
90,0,,,63.3,1959
90,0,,,70.6,1960
90,0,,,70.9,1961
91,1,STR,D,55.1,2433
91,1,RIP,U,58.1,2434
91,1,RIP,U,58.2,2435
91,1,STR,D,58.8,2436
91,1,STR,U,59.1,2437
91,1,RIP,D,59.4,2439
91,1,STR,U,63.8,2445
91,1,RIP,D,67.8,2447
91,2,STR,U,15.6,2415
91,2,STR,D,16.4,2416
91,2,STR,D,20.8,2420
91,2,STR,U,22.4,2421
91,2,RIP,D,39.2,2428
91,2,RIP,U,52.8,2432
91,2,RIP,D,59.1,2438
91,2,RIP,U,59.9,2440
91,3,RIP,D,12.9,2413
91,3,STR,D,23.1,2422
91,3,RIP,D,25.8,2423
91,3,STR,D,28.1,2424
91,3,STR,U,30.5,2425
91,3,STR,U,33.7,2427
91,3,RIP,U,48.4,2430
91,3,RIP,U,49,2431
91,4,STR,U,14.9,2414
91,4,STR,D,17,2417
91,4,STR,U,17.7,2418
91,4,STR,D,19.8,2419
91,4,RIP,D,32.9,2426
91,4,RIP,U,46.6,2429
91,4,RIP,U,59.9,2441
91,4,RIP,D,63.3,2444
92,1,RIP,U,0.7,2830
92,1,RIP,U,1.1,2832
92,1,RIP,D,15.2,2844
92,1,STR,D,17.9,2846
92,1,STR,D,19.8,2847
92,1,STR,U,21.7,2850
92,1,STR,U,27.4,2853
92,1,RIP,D,46.5,2856
92,2,STR,D,3.3,2834
92,2,RIP,D,3.5,2836
92,2,STR,U,9.7,2840
92,2,RIP,D,21,2849
92,2,RIP,U,29.3,2854
92,2,RIP,U,31.5,2855
92,3,STR,D,0.9,2831
92,3,RIP,D,4.7,2838
92,3,RIP,U,19.8,2848
92,3,RIP,U,22.2,2851
92,3,RIP,D,23.7,2852
92,4,RIP,D,2.9,2833
92,4,STR,U,3.4,2835
92,4,RIP,D,4.5,2837
92,4,STR,U,5,2839
92,4,RIP,U,10.1,2841
92,4,STR,D,11.1,2842
92,4,STR,D,12.3,2843
92,4,RIP,U,15.8,2845
92,0,,,59.7,2857
92,0,,,65,2858
92,0,,,65.3,2859
92,0,,,65.5,2860
92,0,,,68.7,2861
93,1,STR,U,38.2,2886
93,1,RIP,D,47.7,2890
93,1,STR,D,50.4,2894
93,1,STR,D,53.2,2896
93,1,STR,U,55.4,2899
93,1,RIP,U,58.6,2903
93,1,RIP,U,62,2909
93,1,RIP,D,62,2910
93,2,STR,U,32.6,2884
93,2,STR,D,33,2885
93,2,STR,U,41,2887
93,2,STR,D,47.8,2891
93,2,RIP,D,50.1,2892
93,2,RIP,U,57.7,2901
93,2,RIP,D,58.7,2904
93,2,RIP,U,62.4,2912
93,3,STR,D,41.2,2888
93,3,RIP,U,46.1,2889
93,3,RIP,D,58.1,2902
93,3,RIP,U,59.2,2905
93,3,RIP,D,61.7,2907
93,3,STR,U,62.2,2911
93,3,STR,U,63.3,2913
93,3,STR,D,63.4,2914
93,4,RIP,U,50.1,2893
93,4,RIP,D,54.7,2897
93,4,RIP,D,54.9,2898
93,4,STR,D,56.3,2900
93,4,STR,U,61.6,2906
93,4,STR,D,61.8,2908
93,4,STR,U,64.4,2915
93,4,RIP,U,70.9,2920
93,0,,,53,2895
93,0,,,65.5,2916
93,0,,,66.7,2917
93,0,,,66.7,2918
93,0,,,68,2919
94,1,STR,D,11.9,2958
94,1,STR,D,18,2959
94,1,STR,U,23.3,2960
94,1,RIP,U,39.2,2962
94,1,STR,U,39.4,2963
94,1,RIP,D,52.7,2975
94,1,RIP,D,54.6,2978
94,1,RIP,U,60.7,2990
94,2,RIP,D,43,2965
94,2,STR,U,44,2966
94,2,STR,D,49.5,2971
94,2,STR,D,49.8,2972
94,2,STR,U,54.9,2979
94,2,RIP,D,63.7,2991
94,3,STR,U,37.4,2961
94,3,STR,D,41.2,2964
94,3,STR,D,45.9,2969
94,3,STR,U,47.5,2970
94,3,RIP,U,51.8,2973
94,3,RIP,D,56,2980
94,3,RIP,U,57.1,2982
94,3,RIP,D,59.2,2985
94,4,STR,U,44.8,2967
94,4,STR,U,45.4,2968
94,4,STR,D,52,2974
94,4,RIP,U,56.6,2981
94,4,RIP,D,57.6,2983
94,4,STR,D,58.6,2984
94,4,RIP,U,60.3,2988
94,4,RIP,D,60.5,2989
94,0,,,53.3,2976
94,0,,,54.1,2977
94,0,,,59.8,2986
94,0,,,60,2987
94,0,,,65.2,2992
95,1,RIP,D,33.3,3400
95,1,RIP,D,34.1,3401
95,1,STR,U,48.3,3405
95,1,RIP,U,54.8,3407
95,1,RIP,U,55.5,3408
95,1,STR,D,55.8,3409
95,1,STR,U,61.4,3413
95,1,STR,D,68.2,3420
95,2,RIP,U,35.9,3402
95,2,STR,D,37.8,3404
95,2,STR,D,56.5,3410
95,2,RIP,D,61.8,3414
95,2,RIP,U,66.1,3418
95,2,RIP,D,78.4,3423
95,3,STR,D,36,3403
95,3,RIP,U,60.8,3411
95,3,STR,U,63.9,3416
95,3,STR,D,66.9,3419
95,3,RIP,D,72.1,3421
95,3,RIP,D,77.8,3422
95,3,STR,U,78.4,3424
95,3,RIP,U,82.3,3425
95,4,RIP,U,51.7,3406
95,4,RIP,D,61.1,3412
95,4,RIP,D,62.4,3415
95,4,RIP,U,65,3417
96,1,STR,D,13.3,3894
96,1,STR,D,13.9,3895
96,1,STR,U,14.6,3896
96,1,STR,U,15.9,3897
96,1,RIP,D,27.6,3903
96,1,RIP,D,37.3,3905
96,2,RIP,U,4.5,3886
96,2,RIP,D,6,3889
96,2,RIP,U,8.7,3891
96,2,RIP,D,25.4,3901
96,2,STR,D,40.5,3908
96,2,STR,D,41.4,3909
96,2,STR,U,42.5,3910
96,2,STR,U,44.8,3911
96,3,STR,U,5.3,3887
96,3,STR,D,7,3890
96,3,RIP,D,9.2,3892
96,3,STR,D,11.4,3893
96,3,STR,U,19.9,3898
96,3,RIP,U,33.8,3904
96,3,RIP,U,55.3,3912
96,3,RIP,D,57.7,3913
96,4,STR,D,5.5,3888
96,4,RIP,U,24.7,3899
96,4,RIP,D,24.8,3900
96,4,RIP,D,26.9,3902
96,4,RIP,U,38.1,3906
96,4,STR,D,38.4,3907
96,0,,,59.7,3914
96,0,,,65,3915
96,0,,,65.3,3916
96,0,,,65.5,3917
96,0,,,68.7,3918
97,1,RIP,U,5.3,4523
97,1,STR,D,7.6,4528
97,1,RIP,U,7.8,4529
97,1,STR,D,8.1,4530
97,1,STR,U,8.6,4533
97,1,STR,U,9.5,4536
97,1,RIP,D,25.9,4547
97,1,RIP,D,36.7,4549
97,2,RIP,D,1.4,4520
97,2,STR,D,5.4,4524
97,2,STR,U,7,4525
97,2,STR,D,7.3,4526
97,2,RIP,U,10.4,4537
97,2,STR,U,10.9,4539
97,2,RIP,D,11.1,4540
97,2,RIP,U,17.7,4542
97,3,RIP,U,1.2,4519
97,3,STR,U,2.7,4521
97,3,STR,U,8.5,4532
97,3,RIP,D,10.5,4538
97,3,STR,D,17.8,4543
97,3,RIP,U,21.6,4544
97,3,STR,D,23.2,4545
97,3,RIP,D,23.4,4546
97,4,STR,D,4.8,4522
97,4,STR,U,7.4,4527
97,4,STR,D,8.1,4531
97,4,STR,U,8.7,4534
97,4,RIP,U,9.2,4535
97,4,RIP,U,13.6,4541
97,4,RIP,D,35,4548
97,4,RIP,D,57.1,4550
97,0,,,58,4551
97,0,,,67,4552
97,0,,,69.9,4553
97,0,,,72.5,4554
97,0,,,81.7,4555
98,1,STR,U,17.5,4556
98,1,RIP,D,17.9,4557
98,1,STR,D,20.7,4558
98,1,STR,D,21.2,4559
98,1,STR,U,22.1,4560
98,1,RIP,D,29.7,4561
98,1,RIP,U,35.7,4563
98,1,RIP,U,40.8,4569
98,2,STR,U,33,4562
98,2,STR,U,37,4564
98,2,RIP,D,39.3,4565
98,2,RIP,U,39.5,4567
98,2,STR,D,40,4568
98,2,RIP,D,43,4574
98,2,RIP,U,47,4582
98,2,STR,D,52.8,4588
98,3,STR,U,39.3,4566
98,3,RIP,D,40.9,4570
98,3,STR,D,41.3,4572
98,3,RIP,U,43,4575
98,3,STR,D,46.3,4577
98,3,RIP,U,46.6,4579
98,3,RIP,D,46.6,4580
98,3,STR,U,49.2,4587
98,4,RIP,U,41,4571
98,4,RIP,U,42.6,4573
98,4,STR,U,43,4576
98,4,STR,D,46.3,4578
98,4,STR,D,46.9,4581
98,4,RIP,D,47.3,4583
98,4,STR,U,47.5,4584
98,4,RIP,D,48.8,4586
98,0,,,48.4,4585
98,0,,,63.1,4589
98,0,,,63.7,4590
98,0,,,64.7,4591
98,0,,,67.8,4592
99,1,RIP,D,8.3,4672
99,1,RIP,U,9.6,4673
99,1,RIP,D,10,4674
99,1,RIP,U,45.2,4683
99,2,STR,D,2.6,4666
99,2,STR,U,2.9,4667
99,2,RIP,D,5.3,4670
99,2,STR,U,10.3,4675
99,2,RIP,U,13.8,4676
99,2,RIP,D,19,4678
99,2,RIP,U,25.1,4680
99,3,RIP,D,3,4668
99,3,STR,D,3.7,4669
99,3,RIP,D,18.1,4677
99,3,RIP,U,32.6,4682
99,3,RIP,U,55.4,4684
99,4,RIP,D,1.3,4664
99,4,STR,U,2.2,4665
99,4,STR,U,5.8,4671
99,4,RIP,U,24.5,4679
99,4,RIP,U,32.1,4681
99,0,,,63.1,4685
99,0,,,63.4,4686
99,0,,,66.3,4687
99,0,,,69.7,4688
99,0,,,73.3,4689
100,1,STR,D,1.2,1
100,1,STR,D,1.9,2
100,1,STR,U,2.3,3
100,1,RIP,D,36.4,18
100,1,RIP,U,36.7,20
100,1,RIP,U,40.7,23
100,1,RIP,D,43.2,24
100,2,STR,D,18.6,11
100,2,STR,D,20.6,12
100,2,RIP,U,24.6,13
100,2,STR,U,27.3,14
100,2,RIP,U,28.7,16
100,2,RIP,D,35.2,17
100,2,STR,U,36.4,19
100,2,RIP,D,44,26
100,3,STR,U,6.8,5
100,3,STR,D,9.4,6
100,3,STR,D,10.6,9
100,3,RIP,D,28.5,15
100,3,RIP,D,37.9,21
100,3,RIP,U,43.9,25
100,3,RIP,U,51.6,29
100,4,STR,U,5.5,4
100,4,STR,D,9.5,7
100,4,STR,U,10.1,8
100,4,STR,D,12.3,10
100,4,RIP,D,40.6,22
100,4,RIP,U,49.1,27
100,4,RIP,D,50.2,28
100,4,RIP,U,62,31
100,0,,,60.2,30
100,0,,,62.4,32
100,0,,,62.6,33
100,0,,,65.8,34
100,0,,,67.2,35
101,1,STR,U,9.8,36
101,1,STR,D,16.2,37
101,1,STR,D,16.8,38
101,1,STR,U,18.2,39
101,1,RIP,U,41,57
101,1,RIP,U,41.5,58
101,1,RIP,D,47.8,65
101,1,RIP,D,54.1,69
101,2,RIP,D,40.2,54
101,2,RIP,D,40.3,55
101,2,RIP,U,40.5,56
101,2,STR,D,42.2,60
101,2,RIP,U,47.6,64
101,2,STR,D,52,67
101,2,STR,U,53.9,68
101,2,STR,U,55.1,71
101,3,RIP,U,32.8,45
101,3,STR,D,34.4,49
101,3,STR,D,39.1,53
101,3,STR,U,41.7,59
101,3,RIP,U,43,63
101,3,STR,U,48.2,66
101,3,RIP,D,54.9,70
101,3,RIP,D,58.9,72
101,4,STR,U,19.6,40
101,4,STR,D,22.2,41
101,4,STR,D,29.5,42
101,4,RIP,D,33.3,48
101,4,RIP,D,37,50
101,4,STR,U,38.5,52
101,4,RIP,U,42.5,61
101,4,RIP,U,42.6,62
102,1,STR,D,18.4,371
102,1,STR,D,19.7,372
102,1,STR,U,25.3,373
102,1,STR,U,25.7,374
102,1,RIP,U,63.1,384
102,1,RIP,D,64.4,388
102,1,RIP,U,67.6,391
102,1,RIP,D,69.4,394
102,2,STR,D,0.6,367
102,2,STR,U,1.9,368
102,2,STR,U,2,369
102,2,STR,D,2.5,370
102,2,RIP,D,54.3,381
102,2,RIP,D,66.6,390
102,3,STR,U,29,375
102,3,STR,D,31.7,376
102,3,STR,D,34.6,377
102,3,STR,U,35.8,378
102,3,RIP,D,64.3,387
102,3,RIP,D,68.3,393
102,4,STR,U,45,379
102,4,STR,D,52.8,380
102,4,STR,U,55.6,382
102,4,STR,D,57.6,383
102,4,RIP,U,63.6,385
102,4,RIP,U,64.1,386
102,4,RIP,D,65.1,389
102,4,RIP,D,68.2,392
102,0,,,74,395
102,0,,,75.2,396
102,0,,,76.5,397
102,0,,,78,398
102,0,,,78.9,399
103,1,RIP,U,32.5,408
103,1,STR,D,35.5,412
103,1,RIP,D,38.2,414
103,1,STR,U,41.6,419
103,1,RIP,D,41.7,420
103,1,RIP,U,43.2,422
103,1,STR,D,43.5,423
103,1,STR,U,44.7,425
103,2,STR,D,26.3,402
103,2,STR,D,28.8,404
103,2,STR,U,32.1,407
103,2,RIP,D,33.4,410
103,2,STR,U,35.3,411
103,2,RIP,D,40,415
103,2,RIP,U,41,417
103,2,RIP,U,41,418
103,3,STR,U,18.7,400
103,3,STR,D,20.3,401
103,3,STR,D,28.5,403
103,3,RIP,D,29,405
103,3,STR,U,30.5,406
103,3,RIP,D,32.6,409
103,4,STR,U,43.9,424
103,4,STR,D,49,426
103,4,RIP,D,52,427
103,4,STR,U,52.1,428
103,4,RIP,D,53.7,430
103,4,STR,D,54,431
103,4,RIP,U,54.2,432
103,4,RIP,U,54.4,433
103,5,RIP,D,53.2,429
103,5,RIP,U,64.5,436
103,5,RIP,D,68,438
103,5,RIP,U,68.2,439
103,5,STR,D,68.2,440
103,5,STR,U,71.5,441
103,5,STR,D,73,443
103,5,STR,U,76.1,447
103,6,RIP,D,62.6,435
103,6,RIP,D,72.4,442
103,6,RIP,U,73.5,444
103,6,STR,D,74.5,445
103,6,STR,U,74.9,446
103,6,RIP,U,76.1,448
103,6,STR,U,79.3,449
103,6,STR,D,81.4,450
104,1,STR,U,31.2,510
104,1,STR,D,35.4,511
104,1,STR,U,38.3,512
104,1,STR,D,58.1,518
104,1,RIP,D,61.7,521
104,1,RIP,D,61.8,522
104,1,RIP,U,62.4,523
104,1,RIP,U,63.2,526
104,2,RIP,D,48.3,514
104,2,RIP,D,52.1,515
104,2,STR,U,52.2,516
104,2,RIP,U,62.7,525
104,2,STR,D,64.9,529
104,2,STR,D,65.4,531
104,2,STR,U,67.7,534
104,2,RIP,U,76.7,539
104,3,RIP,U,24.2,508
104,3,RIP,U,47.4,513
104,3,STR,U,57.5,517
104,3,STR,U,60.1,520
104,3,STR,D,62.6,524
104,3,RIP,D,63.8,528
104,3,STR,D,65.8,532
104,3,RIP,D,67.9,535
104,4,STR,U,24.4,509
104,4,STR,U,59.9,519
104,4,RIP,U,63.3,527
104,4,RIP,U,65.3,530
104,4,RIP,D,67.2,533
104,4,STR,D,68.3,536
104,4,STR,D,70.5,537
104,4,RIP,D,71.5,538
105,1,STR,D,1.3,577
105,1,STR,D,1.5,578
105,1,STR,U,3.5,579
105,1,STR,U,4.1,582
105,1,RIP,U,4.8,585
105,1,RIP,D,6.5,593
105,2,STR,U,3.7,580
105,2,STR,U,4.2,584
105,2,STR,D,5.2,587
105,2,STR,D,5.5,588
105,2,RIP,D,7.4,599
105,2,RIP,U,7.5,601
105,3,STR,D,3.8,581
105,3,STR,U,5,586
105,3,STR,D,5.6,589
105,3,RIP,D,5.9,591
105,3,RIP,U,6.8,594
105,3,RIP,U,7.2,596
105,3,STR,U,7.2,597
105,3,RIP,D,8.3,604
105,4,STR,U,4.1,583
105,4,STR,D,5.6,590
105,4,RIP,U,6.4,592
105,4,STR,D,6.9,595
105,4,RIP,D,7.3,598
105,4,STR,U,7.4,600
105,4,RIP,U,7.8,602
105,4,RIP,D,8.1,603
106,1,RIP,U,1.1,791
106,1,RIP,D,3.8,792
106,1,RIP,D,7.9,797
106,1,STR,D,8.2,798
106,1,STR,D,8.6,799
106,1,STR,U,11.5,802
106,1,RIP,U,12.2,803
106,1,STR,U,21.2,814
106,2,RIP,D,12.2,804
106,2,RIP,D,15.6,809
106,2,STR,D,17.1,810
106,2,STR,D,17.6,811
106,2,RIP,U,19.7,813
106,2,STR,U,27.2,817
106,2,STR,U,32.1,820
106,2,RIP,U,36.8,821
106,3,RIP,U,10.8,801
106,3,RIP,U,14.6,807
106,3,STR,D,14.8,808
106,3,STR,U,26.5,815
106,3,RIP,D,26.7,816
106,3,STR,U,28.1,818
106,3,RIP,D,30.7,819
106,4,RIP,U,5.4,793
106,4,RIP,D,5.7,794
106,4,STR,U,6.4,795
106,4,RIP,U,6.6,796
106,4,STR,D,8.8,800
106,4,STR,D,13.6,805
106,4,RIP,D,13.8,806
106,4,STR,U,18.4,812
107,1,RIP,D,1.2,827
107,1,RIP,D,2.2,828
107,1,STR,D,5.5,834
107,1,STR,D,7.5,837
107,1,STR,U,15.7,844
107,1,STR,U,17.8,845
107,1,RIP,U,21,848
107,1,RIP,U,21.6,849
107,2,STR,U,3.3,829
107,2,RIP,D,6.9,836
107,2,RIP,D,9.8,839
107,2,STR,U,11.5,841
107,2,RIP,U,13.6,842
107,2,RIP,U,14.6,843
107,2,STR,D,47.1,856
107,2,STR,D,59.5,858
107,3,RIP,D,3.4,830
107,3,RIP,U,5.1,832
107,3,RIP,D,6.3,835
107,3,STR,U,19,846
107,3,RIP,U,19.6,847
107,3,STR,U,23.3,850
107,3,STR,D,26.7,851
107,3,STR,D,29.5,852
107,4,RIP,U,4,831
107,4,RIP,D,5.2,833
107,4,RIP,D,8.9,838
107,4,RIP,U,10.2,840
107,4,STR,D,30.8,853
107,4,STR,D,43.1,854
107,4,STR,U,43.6,855
107,4,STR,U,54.1,857
107,0,,,63,859
107,0,,,66.3,860
107,0,,,66.4,861
107,0,,,68.7,862
107,0,,,69.4,863
108,1,RIP,D,29.9,1059
108,1,RIP,U,33.6,1062
108,1,RIP,U,37.4,1065
108,1,STR,U,39.5,1070
108,1,RIP,D,40,1072
108,1,STR,D,40.7,1077
108,1,STR,D,41.6,1079
108,1,STR,U,42,1080
108,2,RIP,D,28,1058
108,2,RIP,D,30.3,1060
108,2,RIP,U,37.2,1064
108,2,RIP,U,39.1,1068
108,2,STR,U,39.5,1071
108,2,STR,D,41,1078
108,2,STR,U,43.9,1081
108,2,STR,D,46.8,1089
108,3,RIP,D,26,1057
108,3,RIP,U,32.7,1061
108,3,RIP,U,37,1063
108,3,STR,U,39.2,1069
108,3,STR,D,40.6,1076
108,3,RIP,D,44.4,1082
108,3,STR,D,44.8,1083
108,3,STR,U,45.6,1085
108,4,STR,D,38.1,1066
108,4,RIP,D,38.4,1067
108,4,RIP,U,40,1073
108,4,STR,D,40.3,1074
108,4,RIP,U,40.5,1075
108,4,RIP,D,49.2,1090
109,1,RIP,D,23.8,1274
109,1,STR,U,23.8,1275
109,1,STR,U,35.8,1281
109,1,STR,D,37.7,1286
109,1,STR,D,39.1,1290
109,1,RIP,D,48.9,1300
109,1,RIP,U,52.1,1304
109,1,RIP,U,52.2,1305
109,2,STR,U,25.5,1277
109,2,STR,U,27.3,1279
109,2,STR,D,35.5,1280
109,2,STR,D,39.3,1291
109,2,RIP,U,44.2,1296
109,2,RIP,D,49.3,1302
109,2,RIP,D,51.8,1303
109,2,RIP,U,54,1306
109,3,STR,D,24.9,1276
109,3,RIP,D,37.3,1284
109,3,STR,U,37.6,1285
109,3,STR,U,37.8,1287
109,3,STR,D,39.6,1292
109,3,RIP,D,40,1293
109,3,RIP,U,43,1294
109,3,RIP,U,45.8,1298
109,4,STR,D,17.4,1271
109,4,STR,U,20.5,1272
109,4,STR,D,21.3,1273
109,4,STR,U,26.8,1278
109,4,RIP,U,44.1,1295
109,4,RIP,D,45.4,1297
109,4,RIP,D,48.4,1299
109,4,RIP,U,59.8,1307
110,1,STR,U,17.2,1312
110,1,STR,D,17.2,1313
110,1,STR,U,19.7,1314
110,1,STR,D,21.3,1315
110,1,RIP,D,42,1328
110,1,RIP,D,44.4,1334
110,1,RIP,U,46.8,1338
110,1,RIP,U,49.6,1341
110,2,STR,D,31.5,1320
110,2,STR,U,32.4,1321
110,2,STR,U,35.7,1323
110,2,RIP,D,39.1,1325
110,2,STR,D,41.4,1327
110,2,RIP,D,42.6,1329
110,2,RIP,U,45.3,1335
110,2,RIP,U,52.1,1343
110,3,STR,D,24.1,1316
110,3,STR,U,26.8,1317
110,3,STR,D,27,1318
110,3,STR,U,28.2,1319
110,3,RIP,D,41.1,1326
110,3,RIP,D,44.1,1332
110,3,RIP,U,47.5,1339
110,3,RIP,U,56.8,1344
110,4,STR,U,5,1308
110,4,STR,D,10.1,1309
110,4,STR,D,10.6,1310
110,4,STR,U,14.3,1311
110,4,RIP,D,38.1,1324
110,4,RIP,U,43.6,1331
110,4,RIP,D,44.1,1333
110,4,RIP,U,49.8,1342
111,1,RIP,U,40.9,1363
111,1,RIP,D,42.2,1365
111,1,RIP,D,44.5,1371
111,1,RIP,U,48.7,1375
111,2,STR,U,4.3,1348
111,2,STR,D,5.8,1351
111,2,STR,U,8.6,1353
111,2,STR,D,11.4,1354
111,2,RIP,U,33.1,1359
111,2,RIP,U,34,1360
111,2,RIP,D,44.2,1370
111,2,RIP,D,51.3,1376
111,3,STR,D,5.5,1350
111,3,STR,D,5.8,1352
111,3,RIP,D,21.4,1355
111,3,STR,U,21.4,1356
111,3,STR,U,27.4,1357
111,3,RIP,U,35.9,1361
111,3,RIP,U,41.6,1364
111,3,RIP,D,42.3,1366
111,4,STR,D,2.7,1345
111,4,STR,U,3.1,1346
111,4,STR,U,4.1,1347
111,4,STR,D,5,1349
111,4,RIP,U,27.9,1358
111,4,RIP,U,37.6,1362
111,4,RIP,D,45.7,1372
112,1,RIP,U,57.4,1383
112,1,RIP,U,60.8,1386
112,1,STR,U,63.6,1388
112,1,RIP,D,64.8,1390
112,1,STR,U,68.6,1396
112,1,RIP,D,71.4,1397
112,2,STR,U,53.6,1381
112,2,STR,U,65.7,1391
112,2,RIP,U,66.7,1393
112,2,RIP,U,67.6,1395
112,3,STR,U,48.8,1379
112,3,RIP,U,50.9,1380
112,3,STR,U,55.8,1382
112,3,RIP,D,64.5,1389
112,3,RIP,U,66.5,1392
112,4,STR,D,45.6,1377
112,4,STR,D,48.5,1378
112,4,RIP,U,59.4,1384
112,4,RIP,D,59.4,1385
112,4,RIP,D,62.4,1387
112,4,RIP,U,67.1,1394
113,1,STR,U,18.1,1771
113,1,STR,U,22.9,1773
113,1,STR,D,24,1774
113,1,STR,D,38,1778
113,1,RIP,D,57.3,1785
113,1,RIP,U,58.6,1787
113,1,RIP,U,59.6,1791
113,1,RIP,D,60.3,1792
113,2,STR,U,31.3,1775
113,2,STR,U,33.9,1776
113,2,STR,D,35.6,1777
113,2,STR,D,41.9,1779
113,2,RIP,U,55.7,1783
113,2,RIP,U,59.2,1788
113,2,RIP,D,65.6,1795
113,2,RIP,D,67.3,1797
113,3,STR,D,2.5,1765
113,3,STR,U,15.2,1769
113,3,STR,U,15.7,1770
113,3,RIP,D,57.1,1784
113,3,RIP,U,58,1786
113,3,RIP,U,59.4,1789
113,3,RIP,D,61,1794
113,4,STR,U,4.6,1766
113,4,STR,U,8.3,1767
113,4,STR,D,8.7,1768
113,4,STR,D,20.8,1772
113,4,RIP,D,51.7,1780
113,4,RIP,U,52.3,1781
113,4,RIP,D,54.3,1782
113,4,RIP,U,59.4,1790
113,0,,,60.7,1793
113,0,,,67,1796
113,0,,,67.4,1798
113,0,,,69.9,1799
113,0,,,70.2,1800
114,1,STR,D,1.4,1801
114,1,STR,U,1.7,1802
114,1,STR,U,2.9,1804
114,1,RIP,U,3.4,1806
114,1,STR,D,4.2,1807
114,1,RIP,U,41,1823
114,1,RIP,D,43.8,1824
114,1,RIP,D,48.7,1827
114,2,STR,U,2.7,1803
114,2,STR,U,4.6,1808
114,2,STR,D,5.1,1810
114,2,STR,D,15,1813
114,2,RIP,D,17.6,1816
114,2,RIP,U,38.8,1822
114,2,RIP,D,46.1,1825
114,2,RIP,U,46.5,1826
114,3,RIP,D,2.9,1805
114,3,RIP,D,7.7,1811
114,3,STR,U,14.8,1812
114,3,STR,D,16.9,1814
114,3,STR,U,17.5,1815
114,3,RIP,U,19.3,1818
114,3,RIP,U,22.5,1819
114,3,STR,D,35.4,1821
114,4,RIP,D,4.6,1809
114,4,RIP,U,18.9,1817
114,4,RIP,D,30.1,1820
115,1,STR,U,43.5,2037
115,1,RIP,D,47.8,2041
115,1,STR,D,49.2,2043
115,1,RIP,U,51,2048
115,1,STR,D,51.3,2049
115,1,STR,U,52.9,2051
115,1,RIP,U,55.6,2053
115,1,RIP,D,60.7,2060
115,2,STR,D,41.1,2035
115,2,STR,U,42.3,2036
115,2,STR,D,46,2040
115,2,RIP,D,48,2042
115,2,RIP,U,49.4,2045
115,2,RIP,D,50.5,2047
115,2,STR,U,53,2052
115,2,RIP,U,61.3,2063
115,3,STR,D,44.7,2038
115,3,RIP,U,49.3,2044
115,3,STR,U,49.5,2046
115,3,STR,D,52.3,2050
115,3,RIP,U,56.4,2055
115,3,RIP,D,58.9,2057
115,3,STR,U,58.9,2058
115,3,RIP,D,61,2062
115,4,STR,U,33.3,2034
115,4,RIP,U,45.5,2039
115,4,STR,D,55.6,2054
115,4,RIP,D,57,2056
115,4,STR,D,59.7,2059
115,4,RIP,D,60.7,2061
115,4,STR,U,62.4,2064
115,4,RIP,U,64.6,2068
115,0,,,62.6,2065
115,0,,,63,2066
115,0,,,63.1,2067
115,0,,,64.7,2069
115,0,,,65.7,2070
116,1,RIP,D,63.5,2134
116,1,STR,D,65.6,2147
116,1,STR,D,67,2154
116,1,RIP,D,68,2159
116,1,STR,U,70,2161
116,1,RIP,U,71.5,2167
116,1,RIP,U,74.1,2168
116,1,STR,U,77.7,2169
116,2,STR,U,49.7,2098
116,2,RIP,U,51.6,2100
116,2,STR,U,52.8,2102
116,2,STR,D,56.3,2108
116,2,STR,D,56.3,2109
116,2,RIP,U,57.8,2113
116,2,RIP,D,67.5,2158
116,2,RIP,D,71,2165
116,3,RIP,U,50.2,2099
116,3,STR,U,51.8,2101
116,3,STR,U,54.2,2104
116,3,RIP,U,54.8,2105
116,3,RIP,D,55.2,2106
116,3,STR,D,63.4,2133
116,3,STR,D,67.2,2155
116,3,RIP,D,70.2,2162
116,4,STR,U,57,2111
116,4,STR,U,57.3,2112
116,4,STR,D,59.2,2116
116,4,RIP,U,64.4,2140
116,4,RIP,D,65,2143
116,4,RIP,U,65.2,2145
116,4,RIP,D,66.6,2152
116,4,STR,D,67.3,2156
116,7,STR,U,42.4,2097
116,7,RIP,U,53.2,2103
116,7,RIP,U,60.2,2119
116,7,STR,U,60.8,2124
116,7,RIP,D,62.6,2130
116,11,RIP,U,55.7,2107
116,11,STR,D,60.6,2121
116,11,RIP,D,60.7,2123
116,11,STR,D,62.4,2129
116,11,RIP,D,63.6,2135
116,11,RIP,U,64.2,2136
116,11,STR,U,64.2,2137
116,11,STR,U,64.3,2139
116,12,RIP,D,58.7,2115
116,12,STR,U,59.2,2117
116,12,STR,U,61,2125
116,12,RIP,U,62.1,2128
116,12,RIP,D,66.3,2151
116,12,RIP,U,67.4,2157
116,13,RIP,U,60.4,2120
116,13,STR,D,62.9,2131
116,13,RIP,U,64.2,2138
116,13,RIP,D,64.7,2142
116,13,STR,D,65.3,2146
116,13,RIP,D,70.8,2164
116,14,STR,U,58.6,2114
116,14,RIP,U,64.4,2141
116,14,STR,U,65.1,2144
116,14,RIP,U,65.6,2148
116,15,RIP,D,56.5,2110
116,15,RIP,D,60,2118
116,15,STR,D,61.2,2126
116,15,STR,D,61.6,2127
116,0,,,60.6,2122
116,0,,,63.2,2132
116,0,,,65.7,2149
116,0,,,66.2,2150
116,0,,,66.6,2153
116,0,,,68.7,2160
116,0,,,70.2,2163
116,0,,,71,2166
117,1,RIP,D,17.1,2170
117,1,RIP,D,26,2172
117,1,STR,U,32,2176
117,1,STR,U,34.1,2178
117,1,STR,D,44,2185
117,1,STR,D,47.5,2193
117,2,STR,D,30.9,2175
117,2,STR,D,35.1,2179
117,2,RIP,D,44.4,2187
117,2,STR,U,45.4,2189
117,2,RIP,U,46.5,2191
117,2,RIP,U,48.9,2195
117,2,STR,U,49.6,2196
117,2,RIP,D,62,2199
117,3,STR,U,22.5,2171
117,3,RIP,D,27.3,2174
117,3,STR,U,39,2181
117,3,STR,D,41.2,2183
117,3,RIP,U,43.7,2184
117,3,STR,D,44.2,2186
117,3,RIP,D,46.7,2192
117,3,RIP,U,53.3,2197
117,4,RIP,D,26,2173
117,4,RIP,U,32.1,2177
117,4,RIP,D,35.4,2180
117,4,RIP,U,39.5,2182
117,4,STR,U,45.3,2188
117,4,STR,U,46,2190
117,4,STR,D,47.6,2194
117,4,STR,D,60.4,2198
118,1,RIP,D,45,2304
118,1,RIP,D,45.9,2308
118,1,RIP,U,46.5,2311
118,1,RIP,U,47.3,2319
118,1,STR,D,49.2,2323
118,1,STR,D,50.6,2327
118,1,STR,U,53.8,2336
118,1,STR,U,56.8,2337
118,2,STR,D,37.2,2294
118,2,STR,D,41.1,2296
118,2,RIP,D,42.9,2298
118,2,RIP,U,45.6,2307
118,2,STR,U,46.9,2313
118,2,RIP,D,47,2316
118,2,RIP,U,47.2,2318
118,2,STR,U,49.8,2325
118,3,RIP,U,42.1,2297
118,3,RIP,D,45.9,2309
118,3,RIP,D,46.8,2312
118,3,RIP,U,47.7,2321
118,3,STR,U,51.9,2328
118,3,STR,D,52.2,2331
118,3,STR,U,52.8,2332
118,3,STR,D,53.4,2333
118,4,RIP,D,40.4,2295
118,4,RIP,D,43.5,2299
118,4,STR,D,44.3,2300
118,4,RIP,U,44.6,2302
118,4,STR,D,45.3,2306
118,4,RIP,U,46.9,2314
118,4,STR,U,52.1,2330
118,4,STR,U,59.6,2338
119,1,STR,U,14.9,2345
119,1,STR,U,17.3,2347
119,1,STR,D,17.7,2348
119,1,STR,D,19.5,2349
119,1,RIP,U,35.8,2359
119,1,RIP,D,37.5,2361
119,1,RIP,U,39.5,2365
119,1,RIP,D,40.1,2368
119,2,STR,U,4.4,2339
119,2,STR,U,4.9,2340
119,2,STR,D,6.6,2341
119,2,STR,D,7.3,2342
119,2,RIP,U,36.4,2360
119,2,RIP,U,37.6,2362
119,2,RIP,D,39.3,2364
119,2,RIP,D,41.5,2370
119,3,STR,D,14.1,2343
119,3,STR,D,14.8,2344
119,3,STR,U,15.5,2346
119,3,STR,U,27.2,2355
119,3,RIP,U,31.2,2356
119,3,RIP,U,34.6,2358
119,3,RIP,D,39.8,2367
119,3,RIP,D,40.9,2369
119,4,STR,D,20.2,2350
119,4,STR,U,21.6,2351
119,4,STR,U,24.8,2352
119,4,STR,D,24.8,2353
119,4,RIP,D,24.9,2354
119,4,RIP,U,31.8,2357
119,4,RIP,U,37.7,2363
119,4,RIP,D,39.6,2366
120,1,RIP,U,34,2376
120,1,STR,U,34.6,2377
120,1,RIP,D,34.8,2378
120,1,STR,U,49.3,2382
120,1,STR,D,49.8,2383
120,1,RIP,U,55.1,2384
120,1,RIP,D,62.6,2389
120,1,STR,D,63.1,2391
120,2,STR,U,48.5,2381
120,2,STR,U,62.8,2390
120,2,RIP,D,64.3,2393
120,2,RIP,D,64.4,2394
120,2,RIP,U,66,2398
120,2,RIP,U,66.7,2400
120,2,STR,D,69,2404
120,2,STR,D,69.9,2406
120,3,RIP,D,40.5,2379
120,3,RIP,D,47.1,2380
120,3,STR,U,58.3,2385
120,3,STR,D,58.7,2386
120,3,STR,D,64.1,2392
120,3,STR,U,65,2395
120,3,RIP,U,67.8,2402
120,3,RIP,U,70.8,2410
120,4,RIP,D,58.8,2387
120,4,STR,U,62.1,2388
120,4,STR,D,65.5,2396
120,4,RIP,U,65.9,2397
120,4,STR,U,66,2399
120,4,STR,D,67.1,2401
120,4,RIP,D,68.2,2403
120,4,RIP,U,69.5,2405
120,0,,,70.4,2407
120,0,,,70.7,2408
120,0,,,70.7,2409
120,0,,,71.4,2411
120,0,,,73.8,2412
121,1,STR,D,46.5,2555
121,1,RIP,U,50.2,2556
121,1,STR,U,56,2562
121,1,RIP,D,57.3,2565
121,1,STR,D,59.9,2571
121,1,STR,U,67.2,2588
121,2,STR,D,51.1,2557
121,2,RIP,U,55.6,2561
121,2,RIP,D,56.2,2564
121,2,STR,D,58.4,2566
121,2,STR,U,59.8,2570
121,2,RIP,U,61.7,2575
121,2,STR,U,62.3,2577
121,2,RIP,D,63.7,2580
121,3,RIP,D,54.1,2559
121,3,RIP,U,55.2,2560
121,3,STR,D,60,2572
121,3,STR,U,63.3,2579
121,3,STR,U,64.1,2581
121,3,STR,D,64.2,2582
121,3,RIP,D,66,2584
121,3,RIP,U,66.9,2587
121,4,RIP,D,52,2558
121,4,STR,D,56,2563
121,4,STR,U,58.5,2567
121,4,STR,D,59.4,2569
121,4,RIP,D,60,2573
121,4,RIP,U,60.8,2574
121,4,STR,U,62.6,2578
121,4,RIP,U,64.9,2583
121,0,,,58.5,2568
121,0,,,62.2,2576
121,0,,,66,2585
121,0,,,66.2,2586
121,0,,,69.7,2589
122,1,STR,U,41.2,2603
122,1,STR,D,43.9,2604
122,1,STR,D,45.6,2606
122,1,STR,U,52.7,2608
122,1,RIP,U,62.1,2611
122,1,RIP,U,62.9,2612
122,1,RIP,D,64.1,2613
122,1,RIP,D,69.3,2620
122,2,STR,U,10.5,2590
122,2,STR,D,14.8,2592
122,2,STR,U,15.4,2593
122,2,STR,D,23.6,2598
122,2,RIP,U,32.8,2600
122,2,RIP,U,68.3,2618
122,3,STR,U,11.3,2591
122,3,STR,D,20,2594
122,3,STR,U,22.2,2595
122,3,STR,D,23.5,2596
122,3,RIP,U,26.9,2599
122,3,RIP,U,45.1,2605
122,3,RIP,D,64.6,2615
122,3,RIP,D,66.8,2617
122,4,STR,U,23.5,2597
122,4,STR,D,38.4,2601
122,4,STR,D,39.5,2602
122,4,RIP,D,52.5,2607
122,4,RIP,U,58,2609
122,4,RIP,U,60.3,2610
122,4,STR,U,64.4,2614
122,4,RIP,D,66.3,2616
122,0,,,69,2619
122,0,,,70.1,2621
122,0,,,70.7,2622
122,0,,,70.8,2623
122,0,,,71,2624
123,1,STR,D,27,2921
123,1,STR,D,37.4,2924
123,1,STR,U,39,2926
123,1,STR,U,42.4,2927
123,1,RIP,U,60.9,2933
123,1,RIP,U,60.9,2934
123,1,RIP,D,69.7,2946
123,1,RIP,D,74.6,2955
123,2,STR,U,56.3,2931
123,2,STR,U,64.4,2937
123,2,STR,D,65.1,2939
123,2,RIP,D,65.5,2941
123,2,STR,D,67.5,2944
123,2,RIP,U,69.9,2947
123,2,RIP,D,73,2950
123,2,RIP,U,74.5,2953
123,3,STR,D,32.5,2922
123,3,STR,U,32.6,2923
123,3,STR,U,37.9,2925
123,3,STR,D,48.5,2928
123,3,RIP,D,65.6,2942
123,3,RIP,U,74,2952
123,3,RIP,D,76.1,2956
123,3,RIP,U,81.8,2957
123,4,STR,U,53.9,2929
123,4,STR,U,54,2930
123,4,STR,D,60.3,2932
123,4,RIP,D,64.9,2938
123,4,STR,D,67.6,2945
123,4,RIP,U,72.4,2949
123,4,RIP,U,73,2951
123,4,RIP,D,74.5,2954
123,0,,,63.3,2935
123,0,,,63.3,2936
123,0,,,65.4,2940
123,0,,,66.8,2943
123,0,,,72.3,2948
124,1,RIP,U,8.4,3059
124,1,STR,U,18.7,3060
124,1,RIP,D,41.2,3065
124,1,RIP,U,43.3,3071
124,1,STR,U,44.3,3072
124,1,RIP,D,46.8,3076
124,1,STR,D,47.8,3080
124,1,STR,D,48.8,3086
124,2,RIP,D,41.8,3066
124,2,STR,U,42.2,3067
124,2,RIP,D,42.8,3070
124,2,RIP,U,48.2,3082
124,2,STR,D,48.4,3083
124,2,RIP,U,50.7,3088
124,2,STR,D,51.2,3090
124,2,STR,U,51.8,3092
124,3,STR,D,42.2,3068
124,3,STR,U,42.4,3069
124,3,RIP,D,44.4,3073
124,3,RIP,U,46.8,3077
124,3,RIP,U,47,3078
124,3,STR,U,47.5,3079
124,3,STR,D,48.7,3085
124,3,RIP,D,50.8,3089
124,4,RIP,D,23.6,3061
124,4,RIP,U,24,3062
124,4,RIP,U,24.8,3063
124,4,RIP,D,30,3064
124,4,STR,U,48.6,3084
124,4,STR,D,53.6,3093
124,4,STR,D,54.1,3094
124,4,STR,U,58.6,3095
125,1,RIP,U,7.5,3097
125,1,RIP,U,12.7,3098
125,1,RIP,D,28.6,3099
125,1,RIP,D,33.9,3101
125,1,STR,U,58.6,3107
125,1,STR,U,60,3108
125,1,STR,D,63.8,3114
125,1,STR,D,70.1,3128
125,2,RIP,U,3.3,3096
125,2,RIP,D,28.8,3100
125,2,RIP,U,40,3102
125,2,RIP,D,55.5,3105
125,2,STR,D,65.5,3117
125,2,STR,U,66.4,3118
125,2,STR,D,67.2,3122
125,2,STR,U,70.8,3130
125,3,STR,D,44.2,3103
125,3,STR,D,49.6,3104
125,3,RIP,U,62.5,3111
125,3,STR,U,65.2,3116
125,3,RIP,U,66.7,3119
125,3,STR,U,66.9,3120
125,3,RIP,D,67.6,3125
125,3,RIP,D,70.4,3129
125,4,RIP,U,57.4,3106
125,4,STR,D,60.2,3109
125,4,STR,U,62.3,3110
125,4,RIP,D,63.4,3112
125,4,STR,D,63.7,3113
125,4,RIP,U,63.8,3115
125,4,RIP,D,67.4,3124
125,4,STR,U,72.1,3132
125,0,,,66.9,3121
125,0,,,67.2,3123
125,0,,,67.8,3126
125,0,,,68.4,3127
125,0,,,71.2,3131
126,1,STR,U,1.3,3269
126,1,STR,D,17,3278
126,1,STR,D,25.3,3283
126,1,RIP,U,28.8,3284
126,1,RIP,U,31.1,3286
126,1,RIP,D,41.8,3291
126,1,RIP,D,52.4,3296
126,2,RIP,D,20.4,3281
126,2,RIP,U,30.5,3285
126,2,RIP,D,38.5,3289
126,2,RIP,U,41.2,3290
126,3,STR,D,7.2,3274
126,3,STR,U,9.2,3275
126,3,STR,U,12.5,3276
126,3,RIP,D,16.2,3277
126,3,STR,D,17.8,3279
126,3,RIP,U,19.1,3280
126,3,RIP,U,20.7,3282
126,3,RIP,D,34.3,3288
126,4,STR,U,0.5,3268
126,4,STR,U,3.5,3270
126,4,STR,D,5.1,3271
126,4,RIP,D,5.4,3272
126,4,RIP,D,6.1,3273
126,4,RIP,U,32.6,3287
126,4,RIP,U,54.6,3297
127,1,RIP,U,32.6,3326
127,1,STR,U,38.2,3327
127,1,STR,U,46.8,3328
127,1,RIP,U,53.3,3330
127,1,RIP,D,58.1,3334
127,1,STR,D,58.6,3335
127,1,STR,D,63,3343
127,1,RIP,D,68.9,3357
127,2,STR,U,52.7,3329
127,2,STR,D,56,3333
127,2,RIP,U,59.3,3337
127,2,STR,D,61.2,3339
127,2,STR,U,62,3341
127,2,RIP,U,63.9,3344
127,2,RIP,D,66.8,3351
127,2,RIP,D,67.9,3354
127,3,RIP,D,59.1,3336
127,3,STR,D,62,3342
127,3,RIP,U,64.2,3345
127,3,RIP,U,65.2,3348
127,3,STR,D,65.4,3349
127,3,STR,U,66.9,3352
127,3,STR,U,67.9,3355
127,3,RIP,D,68.7,3356
127,4,STR,D,54,3331
127,4,STR,D,55.1,3332
127,4,RIP,D,60.3,3338
127,4,RIP,U,61.5,3340
127,4,STR,U,64.3,3346
127,4,STR,U,64.7,3347
127,4,RIP,D,66.7,3350
127,4,RIP,U,67.4,3353
127,0,,,73.5,3358
127,0,,,73.6,3359
127,0,,,76.5,3360
127,0,,,79.5,3361
127,0,,,79.7,3362
128,1,RIP,D,4.4,3427
128,1,STR,U,4.7,3428
128,1,STR,U,5.6,3429
128,1,RIP,D,23.5,3431
128,1,STR,D,31.3,3434
128,1,STR,D,34.9,3437
128,1,RIP,U,41.3,3447
128,1,RIP,U,44.2,3451
128,2,STR,U,16.7,3430
128,2,STR,U,25.8,3432
128,2,RIP,U,35.9,3438
128,2,STR,D,37.4,3441
128,2,RIP,U,38,3442
128,2,STR,D,40.1,3444
128,2,RIP,D,40.6,3445
128,2,RIP,D,41,3446
128,3,STR,U,34.7,3436
128,3,STR,D,36.4,3439
128,3,STR,U,43.9,3450
128,3,RIP,U,46.2,3454
128,3,STR,D,47.5,3456
128,3,RIP,D,49.8,3459
128,3,RIP,D,50.6,3461
128,3,RIP,U,53.7,3462
128,4,RIP,D,3.7,3426
128,4,RIP,D,26.1,3433
128,4,STR,U,34.6,3435
128,4,RIP,U,36.4,3440
128,4,STR,D,38.7,3443
128,4,STR,D,41.4,3448
128,4,RIP,U,42,3449
128,4,STR,U,44.5,3452
129,1,STR,D,2.9,3468
129,1,STR,U,10.2,3473
129,1,STR,U,16,3477
129,1,RIP,U,36.2,3488
129,1,RIP,D,41.9,3494
129,1,RIP,U,45.1,3495
129,1,RIP,D,46.7,3496
129,2,STR,U,4.2,3469
129,2,STR,D,8.4,3471
129,2,STR,D,8.5,3472
129,2,STR,U,11.4,3474
129,2,RIP,U,26.3,3480
129,2,RIP,U,31.4,3484
129,2,RIP,D,39.2,3491
129,2,RIP,D,41,3493
129,3,STR,U,2.1,3465
129,3,STR,D,2.4,3466
129,3,RIP,U,30.6,3482
129,3,RIP,U,31.1,3483
129,3,RIP,D,34.4,3486
129,3,RIP,D,37.8,3489
129,4,STR,U,1.7,3463
129,4,STR,D,2,3464
129,4,STR,U,2.4,3467
129,4,STR,D,7.1,3470
129,4,RIP,U,15.5,3475
129,4,RIP,U,15.8,3476
129,4,RIP,D,22,3478
129,4,RIP,D,29.9,3481
130,1,STR,U,1,3607
130,1,STR,U,1.3,3608
130,1,STR,D,4.2,3610
130,1,RIP,U,50.9,3624
130,1,RIP,D,52.6,3625
130,1,RIP,D,54,3626
130,1,RIP,U,55.4,3627
130,2,STR,D,1.4,3609
130,2,STR,U,6.9,3611
130,2,STR,U,7.4,3612
130,2,STR,D,11.6,3615
130,2,RIP,U,34.4,3617
130,2,RIP,D,37.7,3620
130,2,RIP,D,58,3630
130,2,RIP,U,59.1,3631
130,3,STR,D,9.6,3613
130,3,STR,U,9.9,3614
130,3,STR,D,17.8,3616
130,3,STR,U,34.6,3618
130,3,RIP,D,36.8,3619
130,3,RIP,U,47.3,3622
130,3,RIP,U,57.2,3629
130,3,RIP,D,69.4,3638
130,4,STR,U,40.2,3621
130,4,STR,D,47.7,3623
130,4,STR,D,55.4,3628
130,4,RIP,U,59.1,3632
130,4,STR,U,59.1,3633
130,4,RIP,D,65.7,3635
130,4,RIP,U,66,3636
130,0,,,59.5,3634
130,0,,,67.4,3637
130,0,,,70.7,3639
130,0,,,73.6,3640
130,0,,,76.3,3641
131,1,STR,U,6.5,3710
131,1,STR,U,6.9,3712
131,1,STR,D,9.8,3715
131,1,RIP,U,46.1,3725
131,1,RIP,U,55.8,3731
131,1,RIP,D,61,3732
131,1,RIP,D,66.5,3736
131,2,STR,D,27.2,3718
131,2,STR,D,30.6,3719
131,2,STR,U,35.5,3720
131,2,STR,U,47.7,3727
131,2,RIP,D,62,3733
131,2,RIP,U,63,3734
131,2,RIP,U,64.2,3735
131,2,RIP,D,66.5,3737
131,3,STR,U,4.6,3708
131,3,STR,D,5.9,3709
131,3,STR,U,8.9,3714
131,3,STR,D,10.2,3717
131,3,RIP,D,44.5,3722
131,3,RIP,U,44.8,3723
131,3,RIP,U,45,3724
131,3,RIP,D,46.6,3726
131,4,STR,U,2.9,3707
131,4,STR,D,6.8,3711
131,4,STR,U,8.7,3713
131,4,STR,D,9.9,3716
131,4,RIP,U,40.2,3721
131,4,RIP,D,49.2,3728
131,4,RIP,U,49.4,3729
131,4,RIP,D,50.6,3730
132,1,RIP,U,56.6,3752
132,1,STR,U,56.9,3754
132,1,STR,D,56.9,3755
132,1,STR,D,57.1,3756
132,1,RIP,D,59.7,3760
132,1,STR,U,62.7,3766
132,1,RIP,U,65.9,3771
132,1,RIP,D,66.4,3773
132,2,STR,U,31.8,3745
132,2,STR,U,34.5,3746
132,2,RIP,D,49.2,3749
132,2,RIP,D,53.7,3750
132,2,RIP,U,58.2,3758
132,2,RIP,U,65.1,3770
132,3,STR,U,57.1,3757
132,3,RIP,D,60.1,3761
132,3,RIP,D,60.4,3762
132,3,STR,U,60.7,3763
132,3,STR,D,61.6,3764
132,3,RIP,U,64.9,3769
132,3,STR,D,66.2,3772
132,3,RIP,U,67.6,3775
132,4,STR,D,28.8,3743
132,4,STR,D,30.1,3744
132,4,STR,U,36.3,3747
132,4,STR,U,37.8,3748
132,4,RIP,D,56.3,3751
132,4,RIP,D,62,3765
132,4,RIP,U,63.6,3768
132,4,RIP,U,70.1,3776
132,0,,,56.8,3753
132,0,,,59.6,3759
132,0,,,63.5,3767
132,0,,,66.5,3774
133,1,RIP,U,23,3814
133,1,RIP,U,29.3,3817
133,1,RIP,D,41.8,3833
133,1,RIP,D,44.6,3839
133,1,STR,U,45,3840
133,1,STR,U,48,3841
133,1,STR,D,48.1,3842
133,1,STR,D,57.6,3849
133,2,STR,U,32.4,3819
133,2,RIP,U,33.1,3820
133,2,STR,D,34.4,3821
133,2,STR,U,35.3,3823
133,2,STR,D,36.9,3825
133,2,RIP,U,38.7,3827
133,2,RIP,D,48.1,3843
133,3,RIP,D,36.3,3824
133,3,RIP,U,40.1,3830
133,3,RIP,D,41.1,3831
133,3,STR,D,41.6,3832
133,3,RIP,U,41.9,3834
133,3,STR,U,43.1,3837
133,3,STR,U,48.7,3844
133,3,STR,D,51.7,3848
133,4,STR,U,23.9,3815
133,4,STR,U,24.3,3816
133,4,STR,D,31.4,3818
133,4,RIP,U,34.9,3822
133,4,STR,D,38.3,3826
133,4,RIP,U,39,3828
133,4,RIP,D,42.4,3835
133,4,RIP,D,49.5,3846
134,1,STR,U,21,4239
134,1,RIP,U,28,4243
134,1,STR,U,32.1,4246
134,1,RIP,D,36.6,4250
134,1,STR,D,40.1,4254
134,1,RIP,D,45.2,4257
134,1,RIP,U,45.4,4259
134,1,STR,D,51.5,4261
134,2,STR,D,28.7,4244
134,2,STR,U,34.2,4248
134,2,RIP,U,36.1,4249
134,2,STR,D,36.8,4251
134,2,STR,U,41.8,4256
134,2,RIP,D,45.3,4258
134,2,RIP,D,54.5,4262
134,2,RIP,U,66,4271
134,3,STR,U,10.7,4236
134,3,STR,U,13,4237
134,3,STR,D,14.8,4238
134,3,STR,D,24,4241
134,3,RIP,D,38.9,4252
134,3,RIP,D,55.6,4263
134,3,RIP,U,61.7,4264
134,3,RIP,U,62.1,4265
134,4,RIP,D,22.7,4240
134,4,STR,D,27.4,4242
134,4,STR,U,31.4,4245
134,4,STR,U,32.7,4247
134,4,STR,D,39.5,4253
134,4,RIP,U,41.3,4255
134,4,RIP,D,51.4,4260
134,4,RIP,U,64.8,4268
134,0,,,64.5,4266
134,0,,,64.7,4267
134,0,,,65.4,4269
134,0,,,65.6,4270
134,0,,,70.8,4272
135,1,RIP,U,26.3,4379
135,1,RIP,U,29,4380
135,1,RIP,D,29.7,4382
135,1,STR,U,34,4386
135,1,STR,U,36.4,4389
135,1,RIP,D,37.1,4391
135,1,STR,D,40.2,4394
135,1,STR,D,43.9,4401
135,2,STR,D,34.4,4387
135,2,STR,U,40.2,4395
135,2,RIP,D,41.6,4398
135,2,STR,U,41.6,4399
135,2,STR,D,43.5,4400
135,2,RIP,U,44.6,4403
135,2,RIP,D,47.5,4404
135,2,RIP,U,50,4407
135,3,STR,D,20,4377
135,3,STR,D,23,4378
135,3,STR,U,29.5,4381
135,3,STR,U,30.2,4383
135,3,RIP,U,33,4384
135,3,RIP,D,34.9,4388
135,3,RIP,D,36.7,4390
135,3,RIP,U,44,4402
135,4,STR,U,33.7,4385
135,4,RIP,D,39.3,4392
135,4,RIP,D,39.5,4393
135,4,RIP,U,40.4,4396
135,4,STR,U,41.2,4397
135,4,RIP,U,48.9,4405
135,4,STR,D,49.1,4406
135,4,STR,D,51.5,4408
135,0,,,57.2,4409
135,0,,,61.8,4410
135,0,,,62,4411
135,0,,,63.3,4412
135,0,,,64.6,4413
